timestamp,mode_time_elapsed,person_detected,person_x_camera,person_z_camera,person_confidence,person_robot_angle_deg,person_robot_distance,person_transform_confidence,head_angle_deg,head_tracking_active,lidar_obstacles_count,closest_lidar_angle_deg,closest_lidar_distance,person_lidar_angle_diff_deg,person_lidar_distance_diff,coordinates_aligned,alignment_score,detection_quality
1755329829.7052772,0.20658159255981445,True,-5.648934841156006,1078.548828125,0.431884765625,-0.30008577936415104,948.548828125,1.0,0.0,True,0,0,0,999,9999,False,0.0,0
1755329829.8553479,0.35665225982666016,True,-5.648934841156006,1078.548828125,0.431884765625,-0.30008577936415104,948.548828125,1.0,0.0,True,0,0,0,999,9999,False,0.0,0
1755329830.005555,0.506859302520752,True,-5.648934841156006,1078.548828125,0.431884765625,-0.30008577936415104,948.548828125,1.0,0.0,True,0,0,0,999,9999,False,0.0,0
1755329830.1559381,0.6572425365447998,True,-5.648934841156006,1078.548828125,0.431884765625,-0.30008577936415104,948.548828125,1.0,0.0,True,0,0,0,999,9999,False,0.0,0
1755329830.3063154,0.8076198101043701,True,-5.648934841156006,1078.548828125,0.431884765625,-0.30008577936415104,948.548828125,1.0,0.0,True,0,0,0,999,9999,False,0.0,0
1755329830.4568248,0.9581291675567627,True,-5.648934841156006,1078.548828125,0.431884765625,-0.30008577936415104,948.548828125,1.0,0.0,True,0,0,0,999,9999,False,0.0,0
1755329830.6073887,1.1086931228637695,True,-5.648934841156006,1078.548828125,0.431884765625,-0.30008577936415104,948.548828125,1.0,0.0,True,0,0,0,999,9999,False,0.0,0
1755329830.7578232,1.2591276168823242,True,-5.648934841156006,1078.548828125,0.431884765625,-0.30008577936415104,948.548828125,1.0,0.0,True,0,0,0,999,9999,False,0.0,0
1755329830.908433,1.4097373485565186,True,-5.648934841156006,1078.548828125,0.431884765625,-0.30008577936415104,948.548828125,1.0,0.0,True,0,0,0,999,9999,False,0.0,0
1755329831.0587924,1.5600967407226562,True,-5.648934841156006,1078.548828125,0.431884765625,-0.30008577936415104,948.548828125,1.0,0.0,True,0,0,0,999,9999,False,0.0,0
1755329831.2096224,1.7109267711639404,True,-5.648934841156006,1078.548828125,0.431884765625,-0.30008577936415104,948.548828125,1.0,0.0,True,0,0,0,999,9999,False,0.0,0
1755329831.3601801,1.8614845275878906,True,-5.648934841156006,1078.548828125,0.431884765625,-0.30008577936415104,948.548828125,1.0,0.0,True,0,0,0,999,9999,False,0.0,0
1755329831.5119874,2.013291835784912,True,-5.648934841156006,1078.548828125,0.431884765625,-0.30008577936415104,948.548828125,1.0,0.0,True,0,0,0,999,9999,False,0.0,0
1755329831.6643481,2.1656525135040283,True,-5.648934841156006,1078.548828125,0.431884765625,-0.30008577936415104,948.548828125,1.0,0.0,True,0,0,0,999,9999,False,0.0,0
1755329831.8396091,2.3409135341644287,True,-5.648934841156006,1078.548828125,0.431884765625,-0.30008577936415104,948.548828125,1.0,0.0,True,242,18.0,1100,18.30008577936415,151.451171875,False,0.7588029205938706,15
1755329831.9907439,2.4920482635498047,True,-5.648934841156006,1078.548828125,0.431884765625,-0.30008577936415104,948.548828125,1.0,0.0,True,240,18.0,1100,18.30008577936415,151.451171875,False,0.7588029205938706,14
1755329832.1680355,2.669339895248413,True,-5.648934841156006,1078.548828125,0.431884765625,-0.30008577936415104,948.548828125,1.0,0.0,True,243,18.0,1100,18.30008577936415,151.451171875,False,0.7588029205938706,14
1755329832.3193223,2.820626735687256,True,-5.648934841156006,1078.548828125,0.431884765625,-0.30008577936415104,948.548828125,1.0,0.0,True,250,18.0,1100,18.30008577936415,151.451171875,False,0.7588029205938706,14
1755329832.4891188,2.9904232025146484,True,-5.648934841156006,1078.548828125,0.431884765625,-0.30008577936415104,948.548828125,1.0,0.0,True,239,18.0,1100,18.30008577936415,151.451171875,False,0.7588029205938706,14
1755329832.63951,3.1408143043518066,True,-5.648934841156006,1078.548828125,0.431884765625,-0.30008577936415104,948.548828125,1.0,0.0,True,245,18.0,1100,18.30008577936415,151.451171875,False,0.7588029205938706,14
1755329832.8210917,3.3223960399627686,True,-5.648934841156006,1078.548828125,0.431884765625,-0.30008577936415104,948.548828125,1.0,0.0,True,246,18.0,1100,18.30008577936415,151.451171875,False,0.7588029205938706,14
1755329832.9700928,3.4713971614837646,True,-5.648934841156006,1078.548828125,0.431884765625,-0.30008577936415104,948.548828125,1.0,0.0,True,241,18.0,1100,18.30008577936415,151.451171875,False,0.7588029205938706,14
1755329833.1418598,3.6431641578674316,True,-5.648934841156006,1078.548828125,0.431884765625,-0.30008577936415104,948.548828125,1.0,0.0,True,248,18.0,1100,18.30008577936415,151.451171875,False,0.7588029205938706,14
1755329833.2919543,3.7932586669921875,True,-5.648934841156006,1078.548828125,0.431884765625,-0.30008577936415104,948.548828125,1.0,0.0,True,250,18.0,1100,18.30008577936415,151.451171875,False,0.7588029205938706,15
1755329833.455403,3.95670747756958,True,-5.648934841156006,1078.548828125,0.431884765625,-0.30008577936415104,948.548828125,1.0,0.0,True,252,18.0,1100,18.30008577936415,151.451171875,False,0.7588029205938706,18
1755329833.607595,4.108899354934692,True,-5.648934841156006,1078.548828125,0.431884765625,-0.30008577936415104,948.548828125,1.0,0.0,True,259,17.0,1100,17.30008577936415,151.451171875,False,0.7699140317049817,20
1755329833.7708974,4.272201776504517,True,-5.648934841156006,1078.548828125,0.431884765625,-0.30008577936415104,948.548828125,1.0,0.0,True,263,355.0,850,4.699914220635849,98.548828125,True,0.9231415238505739,1
1755329833.919372,4.4206764698028564,True,-5.648934841156006,1078.548828125,0.431884765625,-0.30008577936415104,948.548828125,1.0,0.0,True,270,355.0,850,4.699914220635849,98.548828125,True,0.9231415238505739,6
1755329834.0922675,4.593571901321411,True,7.1732497215271,1044.1051661538093,0.439697265625,0.3936293790798808,914.1051661538093,1.0,0.0,True,301,5.0,850,4.606370620920119,64.10516615380925,True,0.9327918126735464,21
1755329834.2452376,4.746541976928711,True,-37.6595573425293,1018.0226471055913,0.7744140625,1.7408069677848104,888.0226471055913,1.0,3.859375,True,325,3.0,800,1.2591930322151896,88.02264710559132,True,0.9640033045323222,34
1755329834.41048,4.911784410476685,True,-25.106374740600586,1024.4749715529433,0.9970703125,0.48563957877676267,894.4749715529433,1.0,1.8894820179624436,True,348,0.0,700,0.48563957877676267,194.47497155294332,True,0.9459852617920224,37
1755329834.5613482,5.062652587890625,True,-47.930355072021484,1003.3992543683381,0.9970703125,3.375295711470254,873.3992543683381,1.0,6.11012051083728,True,382,3.0,800,0.3752957114702542,73.39925436833812,True,0.977480234058246,75
1755329834.7328508,5.234155178070068,True,-82.68730163574219,968.0355506032599,0.85400390625,8.151762627458718,838.0355506032599,1.0,13.03398145134943,True,392,8.0,900,0.1517626274587176,61.964449396740065,True,0.9828226362346071,110
1755329834.8834794,5.384783744812012,True,-91.58121490478516,958.9023829807393,0.97314453125,5.114445307635124,828.9023829807393,1.0,10.57000560101796,True,388,5.0,700,0.1144453076351244,128.90238298073928,True,0.966502789725536,81
1755329835.0541065,5.555410861968994,True,-96.33840942382812,985.4474312798095,0.919921875,3.567550281705821,855.4474312798095,1.0,9.151105150253258,True,390,4.0,600,0.4324497182941789,255.4474312798095,True,0.9313331453101124,70
1755329835.1987927,5.70009708404541,True,-99.2843017578125,986.561754857712,0.92919921875,4.309647683689305,856.561754857712,1.0,10.056356560373656,True,387,4.0,600,0.3096476836893052,256.561754857712,True,0.9324190314668019,65
1755329835.369459,5.870763301849365,True,-94.56734466552734,974.9670577719455,0.83447265625,5.130356740548953,844.9670577719455,1.0,10.67045467639427,True,402,5.0,600,0.13035674054895274,244.96705777194552,True,0.937309827328692,70
1755329835.5208557,6.022160053253174,True,-89.54607391357422,968.9393642287753,0.87060546875,4.296765556381826,838.9393642287753,1.0,9.576848230061765,True,401,4.0,550,0.29676555638182567,288.9393642287753,True,0.924467763871897,59
1755329835.6987274,6.200031757354736,True,-102.33576965332031,955.5723017546613,0.75830078125,6.508572577224609,825.5723017546613,1.0,12.62129137464099,True,400,7.0,600,0.4914274227753914,225.57230175466134,True,0.9381466198638303,80
1755329835.846729,6.348033428192139,True,-129.0040283203125,930.0538851219036,0.80908203125,7.635443191579343,800.0538851219036,1.0,15.532323624553001,True,401,8.0,600,0.36455680842065696,200.0538851219036,True,0.9459358975148502,82
1755329836.0252893,6.5265936851501465,True,-138.61923217773438,919.0584196816837,0.9267578125,8.15542944781035,789.0584196816837,1.0,16.73255522915138,True,402,8.0,600,0.1554294478103504,189.05841968168374,True,0.9510084012150196,79
1755329836.1759396,6.677243947982788,True,-111.37615203857422,917.9138793945312,0.9140625,3.7044930668496323,787.9138793945312,1.0,10.622724488051391,True,404,4.0,550,0.2955069331503677,237.91387939453125,True,0.9372381197830297,68
1755329836.3537474,6.855051755905151,True,-100.15840911865234,917.9138793945311,0.94384765625,3.998547868931408,787.9138793945311,1.0,10.22575557170953,True,385,4.0,450,0.0014521310685919886,337.91387939453114,True,0.9155053953617163,63
1755329836.5021496,7.003453969955444,True,-76.92166137695312,917.9138793945312,0.990234375,2.4327338038992328,787.9138793945312,1.0,7.222957743542179,True,366,2.0,450,0.43273380389923277,337.91387939453125,True,0.9107133767747091,46
1755329836.6579287,7.159233093261719,True,-79.24199676513672,906.3610479920735,0.9921875,3.219138155778292,776.3610479920735,1.0,8.215730373521478,True,357,3.0,450,0.2191381557782921,326.3610479920735,True,0.915974869604445,39
1755329836.8126447,7.313949108123779,True,-68.2579574584961,900.0640814309987,0.9921875,2.147163562514118,770.0640814309987,1.0,6.4839894209578866,True,331,2.0,400,0.14716356251411788,370.0640814309987,True,0.905848828947649,29
1755329836.9809604,7.482264757156372,True,-72.18082427978516,898.7907104492188,0.9931640625,4.22142883470691,768.7907104492188,1.0,8.812931406578016,True,319,4.0,400,0.22142883470691022,368.79071044921875,True,0.905342002002063,28
1755329837.1309388,7.6322431564331055,True,-65.11965942382812,898.7907104492189,0.9912109375,3.0204287551506765,768.7907104492189,1.0,7.164411868154669,True,308,3.0,400,0.020428755150676547,368.79071044921886,True,0.9075753362193545,24
1755329837.3059168,7.807221174240112,True,-61.1967887878418,898.7907104492188,0.9931640625,2.0074883232526792,768.7907104492188,1.0,5.902626880193959,True,308,2.0,400,0.00748832325267923,368.79071044921875,True,0.9077191187959989,21
1755329837.4541552,7.9554595947265625,True,-56.48934555053711,898.7907104492188,0.99609375,3.125437366800327,768.7907104492188,1.0,6.72176898500165,True,308,3.0,400,0.1254373668003268,368.79071044921875,True,0.9064085738676917,22
1755329837.6176028,8.11890721321106,True,-50.9973258972168,898.7907104492188,0.9970703125,2.311267068669542,768.7907104492188,1.0,5.558743825768818,True,308,2.0,400,0.311267068669542,368.79071044921875,True,0.9043437994024781,23
1755329837.765732,8.267036437988281,True,-48.64360046386719,898.7907104492189,0.9990234375,1.5609101210433842,768.7907104492189,1.0,4.658802145623542,True,302,2.0,400,0.4390898789566158,368.79071044921886,True,0.902923545954844,20
1755329837.9262266,8.427531003952026,True,-40.7978630065918,898.7907104492188,0.9990234375,2.4757913588010094,768.7907104492188,1.0,5.074774491642261,True,297,2.0,400,0.4757913588010094,368.79071044921875,True,0.9025157517343507,18
1755329838.0784578,8.57976222038269,True,-19.614355087280273,898.7907104492186,1.0,0.01316803795755721,768.7907104492186,1.0,1.2633382917835398,True,293,360.0,350,0.01316803795755721,418.79071044921864,True,0.8951560108548335,13
1755329838.2416418,8.742946147918701,True,-18.829782485961914,898.7907104492188,0.9990234375,1.1856550607144274,768.7907104492188,1.0,2.385833537743266,True,297,1.0,400,0.1856550607144274,368.79071044921875,True,0.9057394883797572,16
1755329838.3916497,8.892954111099243,True,-17.26063346862793,898.7907104492188,1.0,0.3853414325014057,768.7907104492188,1.0,1.485530705750235,True,296,360.0,350,0.3853414325014057,418.79071044921875,True,0.8910207509154575,12
1755329838.5563362,9.057640552520752,True,-16.476057052612305,898.7907104492188,0.9990234375,0.4353387074262746,768.7907104492188,1.0,1.485530705750235,True,299,360.0,350,0.4353387074262746,418.79071044921875,True,0.8904652256385145,12
1755329838.7044482,9.205752611160278,True,-13.337760925292969,898.7907104492189,0.9990234375,0.30076511668044453,768.7907104492189,1.0,1.1509533880502547,True,293,360.0,350,0.30076511668044453,418.79071044921886,True,0.8919604877579126,12
1755329838.872839,9.374143362045288,True,-12.553187370300293,898.7907104492188,0.9990234375,0.350769446293786,768.7907104492188,1.0,1.1509533880502547,True,289,360.0,350,0.350769446293786,418.79071044921875,True,0.8914048840955422,12
1755329839.0256362,9.52694058418274,True,-12.553187370300293,898.7907104492188,0.9990234375,0.350769446293786,768.7907104492188,1.0,1.1509533880502547,True,291,360.0,350,0.350769446293786,418.79071044921875,True,0.8914048840955422,12
1755329839.2090619,9.710366249084473,True,-13.337760925292969,898.7907104492188,0.9990234375,0.3007651166804444,768.7907104492188,1.0,1.1509533880502547,True,288,360.0,350,0.3007651166804444,418.79071044921875,True,0.8919604877579126,12
1755329839.3561006,9.857404947280884,True,-12.553187370300293,898.7907104492188,0.9990234375,0.350769446293786,768.7907104492188,1.0,1.1509533880502547,True,289,360.0,350,0.350769446293786,418.79071044921875,True,0.8914048840955422,12
1755329839.51756,10.018864393234253,True,-12.553187370300293,898.7907104492188,0.9990234375,0.350769446293786,768.7907104492188,1.0,1.1509533880502547,True,291,360.0,350,0.350769446293786,418.79071044921875,True,0.8914048840955422,12
1755329839.6616957,10.163000106811523,True,-11.768613815307617,898.7907104492188,0.9990234375,0.40077499497671043,768.7907104492188,1.0,1.1509533880502547,True,288,360.0,350,0.40077499497671043,418.79071044921875,True,0.8908492668879541,12
1755329839.8277273,10.329031705856323,True,-13.337760925292969,898.7907104492188,0.9990234375,0.3007651166804444,768.7907104492188,1.0,1.1509533880502547,True,288,360.0,350,0.3007651166804444,418.79071044921875,True,0.8919604877579126,12
1755329839.9804363,10.481740713119507,True,-11.768613815307617,898.7907104492188,0.9990234375,0.40077499497671043,768.7907104492188,1.0,1.1509533880502547,True,291,360.0,350,0.40077499497671043,418.79071044921875,True,0.8908492668879541,12
1755329840.1502435,10.651547908782959,True,-12.553187370300293,898.7907104492188,0.9990234375,0.350769446293786,768.7907104492188,1.0,1.1509533880502547,True,294,360.0,350,0.350769446293786,418.79071044921875,True,0.8914048840955422,12
1755329840.304024,10.805328369140625,True,-14.122336387634277,898.7907104492188,0.9990234375,0.25076196070439793,768.7907104492188,1.0,1.1509533880502547,True,292,360.0,350,0.25076196070439793,418.79071044921875,True,0.8925160783798687,12
1755329840.4700694,10.971373796463013,True,-14.122336387634277,898.7907104492188,0.9990234375,0.25076196070439793,768.7907104492188,1.0,1.1509533880502547,True,296,360.0,350,0.25076196070439793,418.79071044921875,True,0.8925160783798687,12
1755329840.6178472,11.119151592254639,True,-14.906908988952637,898.7907104492188,0.9990234375,0.2007603583795535,768.7907104492188,1.0,1.1509533880502547,True,292,360.0,350,0.2007603583795535,418.79071044921875,True,0.8930716517390336,12
1755329840.7881877,11.289492130279541,True,-17.26063346862793,898.7907104492188,0.9990234375,38.32805515678221,768.7907104492188,1.0,39.42824443003104,True,286,38.0,1850,0.328055156782213,1081.2092895507812,False,0.7260526203147246,24
1755329840.9336038,11.434908151626587,True,-13.337760925292969,898.7907104492188,0.9990234375,4.606219494666997,768.7907104492188,1.0,5.456407766036807,True,288,3.0,400,1.6062194946669974,368.79071044921875,True,0.8899554391136175,18
1755329841.1034954,11.604799747467041,True,-14.122336387634277,898.7907104492188,0.9990234375,-8.686378332430873,768.7907104492188,1.0,-7.786186905085017,True,292,351.0,400,0.31362166756912657,368.79071044921875,True,0.9043176371924828,15
1755329841.2491992,11.750503540039062,True,-14.122336387634277,898.7907104492188,0.9990234375,-0.09323831483961825,768.7907104492188,1.0,0.8069531125062385,True,293,360.0,350,0.09323831483961825,418.79071044921875,True,0.8942663411116996,12
1755329841.4094934,11.910797834396362,True,-15.691484451293945,898.7907104492188,0.9990234375,-0.1932402544072367,768.7907104492188,1.0,0.8069531125062385,True,295,360.0,350,0.1932402544072367,418.79071044921875,True,0.8931552084498371,12
1755329841.562031,12.063335418701172,True,-16.476057052612305,898.7907104492188,0.9990234375,-0.24323888581772177,768.7907104492188,1.0,0.8069531125062385,True,296,360.0,350,0.24323888581772177,418.79071044921875,True,0.8925996681008317,12
1755329841.736453,12.237757444381714,True,-14.122336387634277,898.7907104492188,0.9990234375,-0.09323831483961825,768.7907104492188,1.0,0.8069531125062385,True,295,360.0,350,0.09323831483961825,418.79071044921875,True,0.8942663411116996,12
1755329841.8873463,12.38865065574646,True,-13.337760925292969,898.7907104492188,0.9990234375,-0.04323515886357173,768.7907104492188,1.0,0.8069531125062385,True,295,360.0,350,0.04323515886357173,418.79071044921875,True,0.8948219317336557,12
1755329842.0542054,12.555509805679321,True,-14.906908988952637,898.7907104492188,0.9990234375,-0.14323991716446266,768.7907104492188,1.0,0.8069531125062385,True,289,360.0,350,0.14323991716446266,418.79071044921875,True,0.8937107677525347,12
1755329842.2020617,12.703366041183472,True,-15.691484451293945,898.7907104492188,0.9990234375,-0.1932402544072367,768.7907104492188,1.0,0.8069531125062385,True,289,360.0,350,0.1932402544072367,418.79071044921875,True,0.8931552084498371,12
1755329842.362824,12.864128351211548,True,-7.845742225646973,898.7907104492188,0.9990234375,0.30681832687644756,768.7907104492188,1.0,0.8069531125062385,True,289,360.0,350,0.30681832687644756,418.79071044921875,True,0.8918932298668458,12
1755329842.5156693,13.016973733901978,True,-9.414891242980957,898.7907104492186,0.9970703125,0.2067980400450478,768.7907104492186,1.0,0.8069531125062385,True,291,360.0,350,0.2067980400450478,418.79071044921864,True,0.8930045663871948,12
1755329842.673909,13.17521333694458,True,10.984039306640625,898.7907104492188,0.9990234375,1.507124753179675,768.7907104492188,1.0,0.8069531125062385,True,290,2.0,400,0.492875246820325,368.79071044921875,True,0.9023259307563584,15
1755329842.8264306,13.32773494720459,True,18.04520606994629,898.7907104492189,0.9990234375,-28.215864602017604,768.7907104492189,1.0,-29.36604923146056,True,296,332.0,400,0.2158646020176036,368.79071044921886,True,0.905403826809722,17
1755329842.9977922,13.499096632003784,True,23.825437545776367,887.7869960734434,0.9990234375,3.62740111781651,757.7869960734434,1.0,2.0901298564150204,True,298,3.0,400,0.6274011178165102,357.78699607344345,True,0.9035821274503446,17
1755329843.1519992,13.653303623199463,True,20.751188278198242,881.6717227623827,0.998046875,-0.9309476859631535,751.6717227623827,1.0,-2.2792227968169034,True,291,359.0,350,0.06905231403684653,401.67172276238273,True,0.8988148213756616,13
1755329843.33325,13.834554433822632,True,30.74249839782715,880.447998046875,0.9990234375,-2.0555078269259486,750.447998046875,1.0,-4.055285331603006,True,287,358.0,350,0.05550782692594858,400.447998046875,True,0.8992712468557708,15
1755329843.4851012,13.986405611038208,True,30.74249839782715,880.4479980468749,0.9990234375,-1.169823748883262,750.4479980468749,1.0,-3.1696012535603195,True,286,359.0,350,0.1698237488832619,400.4479980468749,True,0.898001069945134,13
1755329843.6456425,14.146946907043457,True,36.122432708740234,880.447998046875,0.9990234375,-2.7858538302371993,750.447998046875,1.0,-5.13522922556594,True,287,357.0,350,0.21414616976280065,400.447998046875,True,0.8975085986020279,15
1755329843.7924595,14.293763875961304,True,35.35387420654297,880.447998046875,0.9970703125,-1.9366807567577968,750.447998046875,1.0,-4.2361239334976695,True,287,358.0,350,0.06331924324220317,400.447998046875,True,0.8991844533411457,16
1755329843.9528353,14.454139709472656,True,35.35387420654297,880.447998046875,0.9970703125,-1.3346858847624963,750.447998046875,1.0,-3.6341290615023687,True,299,359.0,350,0.3346858847624963,400.447998046875,True,0.8961692684353646,14
1755329844.0994923,14.600796699523926,True,34.58530807495117,880.447998046875,0.998046875,-2.261895131893097,750.447998046875,1.0,-4.5114020994374515,True,298,358.0,350,0.2618951318930969,400.447998046875,True,0.896978054578358,16
1755329844.2543437,14.755648136138916,True,33.04818344116211,880.447998046875,0.9970703125,-1.5206907873518434,750.447998046875,1.0,-3.670315649484597,True,283,358.0,350,0.4793092126481566,400.447998046875,True,0.8945623425699685,15
1755329844.4062135,14.907517910003662,True,32.279624938964844,880.4479980468749,0.9990234375,-2.517035065112968,750.4479980468749,1.0,-4.616714182194769,True,275,357.0,350,0.4829649348870322,400.4479980468749,True,0.8945217234339808,14
1755329844.566085,15.067389488220215,True,23.056875228881836,880.447998046875,0.998046875,-1.6620993925480887,750.447998046875,1.0,-3.162199085657358,True,277,358.0,350,0.3379006074519113,400.447998046875,True,0.8961335492943712,15
1755329844.7144146,15.215718984603882,True,22.288312911987305,880.447998046875,0.9970703125,-0.8146018126156147,750.447998046875,1.0,-2.2647199136471503,True,280,359.0,350,0.1853981873843853,400.447998046875,True,0.8978280206284548,14
1755329844.8844764,15.385780811309814,True,19.98262596130371,880.447998046875,0.998046875,-0.7165567740519019,750.447998046875,1.0,-2.016717157034712,True,280,359.0,350,0.2834432259480981,400.447998046875,True,0.8967386313110801,13
1755329845.0323656,15.53366994857788,True,23.825437545776367,880.4479980468749,0.998046875,-1.356922853457818,750.4479980468749,1.0,-2.90700185512744,True,288,359.0,350,0.35692285345781793,400.4479980468749,True,0.8959221910054167,13
1755329845.2205033,15.721807718276978,True,23.825437545776367,880.447998046875,0.998046875,-1.303596616777827,750.447998046875,1.0,-2.853675618447449,True,288,359.0,350,0.303596616777827,400.447998046875,True,0.8965147047463053,12
1755329845.3711627,15.872467041015625,True,25.36256217956543,880.447998046875,0.9990234375,-1.1359406377025156,750.447998046875,1.0,-2.7859711023700933,True,290,359.0,350,0.13594063770251563,400.447998046875,True,0.8983775489582533,12
1755329845.5297332,16.03103756904602,True,24.5939998626709,880.447998046875,0.9990234375,-2.059833510510669,750.447998046875,1.0,-3.6598894613252297,True,284,358.0,350,0.0598335105106691,400.447998046875,True,0.8992231837048295,13
1755329845.6822636,16.183568000793457,True,26.13112449645996,880.447998046875,0.9990234375,-1.100230843847301,750.447998046875,1.0,-2.8002333112216826,True,287,359.0,350,0.10023084384730097,400.447998046875,True,0.8987743244455335,12
1755329845.8453162,16.346620559692383,True,23.537227630615234,891.4536254882813,0.9990234375,-1.1420110710470435,761.4536254882813,1.0,-2.654451559492793,True,291,359.0,350,0.14201107104704347,411.4536254882813,True,0.8955586928385181,12
1755329845.9948225,16.496126890182495,True,25.106374740600586,897.5678629557292,0.9990234375,-1.942176785289678,767.5678629557292,1.0,-3.544411429500962,True,290,358.0,350,0.057823214710321924,417.5678629557292,True,0.8949655540976197,14
1755329846.1562474,16.657551765441895,True,24.321800231933594,898.7907104492188,0.9990234375,-0.9405930326532704,768.7907104492188,1.0,-2.49067191744549,True,283,359.0,350,0.05940696734672957,418.79071044921875,True,0.8946422449727316,12
1755329846.308181,16.80948543548584,True,23.537227630615234,898.7907104492188,0.9990234375,-1.9343390675341032,768.7907104492188,1.0,-3.4344387374353222,True,291,358.0,350,0.06566093246589677,418.79071044921875,True,0.8945727564714075,13
1755329846.4690678,16.970372200012207,True,21.96807861328125,898.7907104492188,0.9990234375,-0.8396610062882033,768.7907104492188,1.0,-2.2397952287667797,True,291,359.0,350,0.16033899371179672,418.79071044921875,True,0.8935207780131198,12
1755329846.61456,17.115864276885986,True,25.106374740600586,898.7907104492188,0.9990234375,-1.5102344330861637,768.7907104492188,1.0,-3.1102902948571503,True,288,358.0,350,0.4897655669138363,418.79071044921875,True,0.8898604827553194,13
1755329846.77372,17.2750244140625,True,24.321800231933594,898.7907104492188,0.9990234375,-0.5304843840378276,768.7907104492188,1.0,-2.0805632688300473,True,289,359.0,350,0.4695156159621724,418.79071044921875,True,0.8900854822103379,13
1755329846.9242823,17.425586700439453,True,10.984039306640625,898.7907104492188,0.9990234375,0.5129994596452427,768.7907104492188,1.0,-0.18717218102819358,True,293,1.0,400,0.48700054035475726,368.79071044921875,True,0.9023912052726424,16
1755329847.0891557,17.590460062026978,True,9.414891242980957,898.7907104492188,0.9990234375,0.41298289143299716,768.7907104492188,1.0,-0.18717218102819358,True,286,360.0,350,0.41298289143299716,418.79071044921875,True,0.8907136235939954,12
1755329847.246264,17.747568368911743,True,15.691484451293945,898.7907104492188,0.9990234375,0.8130211858852816,768.7907104492188,1.0,-0.18717218102819358,True,293,1.0,400,0.1869788141147184,368.79071044921875,True,0.9057247800086429,16
1755329847.4126475,17.913951873779297,True,14.602686882019043,892.6764729817709,0.9990234375,0.7500068928267551,762.6764729817709,1.0,-0.18717218102819358,True,290,1.0,400,0.24999310717324486,362.67647298177087,True,0.9065531805637435,17
1755329847.5620599,18.063364267349243,True,13.06556224822998,884.1165405273438,0.9990234375,0.6594889211695059,754.1165405273438,1.0,-0.18717218102819358,True,290,1.0,400,0.34051107883049414,354.1165405273438,True,0.9076874084367141,17
1755329847.7217224,18.223026752471924,True,16.139812469482422,880.447998046875,0.9990234375,0.8630199669967814,750.447998046875,1.0,-0.18717218102819358,True,295,1.0,400,0.1369800330032186,350.447998046875,True,0.9108660001215789,16
1755329847.872545,18.373849391937256,True,13.834124565124512,880.447998046875,0.9990234375,0.7130192351770686,750.447998046875,1.0,-0.18717218102819358,True,295,1.0,400,0.28698076482293144,350.447998046875,True,0.909199325323582,16
1755329848.0321488,18.533453226089478,True,16.908374786376953,880.447998046875,0.998046875,0.9130170925329458,750.447998046875,1.0,-0.18717218102819358,True,299,1.0,400,0.08698290746705417,350.447998046875,True,0.9114215237386474,17
1755329848.1803122,18.68161654472351,True,-3.1382968425750732,891.4519507917008,0.9990234375,-0.3888772992432895,761.4519507917008,1.0,-0.18717218102819358,True,297,360.0,350,0.3888772992432895,411.4519507917008,True,0.8928161534215937,12
1755329848.3396626,18.840966939926147,True,-1.5691484212875366,897.5686601183716,0.9990234375,-0.2873377665395991,767.5686601183716,1.0,-0.18717218102819358,True,294,360.0,350,0.2873377665395991,417.56866011837155,True,0.8924151931199671,12
1755329848.488698,18.990002393722534,True,-2.3537228107452393,898.7907104492188,0.9990234375,-0.33721609375378453,768.7907104492188,1.0,-0.18717218102819358,True,291,360.0,350,0.33721609375378453,418.79071044921875,True,0.8915554769015421,12
1755329848.6440508,19.145355224609375,True,-3.1382968425750732,898.7907104492188,0.9990234375,-0.3872303604329717,768.7907104492188,1.0,-0.18717218102819358,True,291,360.0,350,0.3872303604329717,418.79071044921875,True,0.890999762827329,12
1755329848.8008907,19.302195072174072,True,-2.3537228107452393,898.7907104492188,0.9990234375,-0.33721609375378453,768.7907104492188,1.0,-0.18717218102819358,True,292,360.0,350,0.33721609375378453,418.79071044921875,True,0.8915554769015421,12
1755329848.963378,19.46468234062195,True,-2.3537228107452393,898.7907104492188,0.9990234375,-0.33721609375378453,768.7907104492188,1.0,-0.18717218102819358,True,297,360.0,350,0.33721609375378453,418.79071044921875,True,0.8915554769015421,12
1755329849.1138785,19.615182876586914,True,-4.7074456214904785,898.7907104492188,0.998046875,-0.48725794853365095,768.7907104492188,1.0,-0.18717218102819358,True,295,360.0,350,0.48725794853365095,418.79071044921875,True,0.8898883451817658,12
1755329849.2835448,19.784849166870117,True,-2.3537228107452393,898.7907104492188,0.9990234375,-0.33721609375378453,768.7907104492188,1.0,-0.18717218102819358,True,291,360.0,350,0.33721609375378453,418.79071044921875,True,0.8915554769015421,12
1755329849.430215,19.931519269943237,True,-3.1382968425750732,898.7907104492188,0.9990234375,-0.3872303604329717,768.7907104492188,1.0,-0.18717218102819358,True,292,360.0,350,0.3872303604329717,418.79071044921875,True,0.890999762827329,12
1755329849.5997257,20.101030111312866,True,-13.337760925292969,898.7907104492186,1.0,-1.0373604523980038,768.7907104492186,1.0,-0.18717218102819358,True,312,359.0,400,0.037360452398003785,368.79071044921864,True,0.9073872062499397,20
1755329849.7508035,20.252107858657837,True,-14.906908988952637,898.7907104492188,0.9990234375,-1.1373652106988947,768.7907104492188,1.0,-0.18717218102819358,True,316,359.0,400,0.13736521069889474,368.79071044921875,True,0.9062760422688187,20
1755329849.917324,20.418628454208374,True,-14.122336387634277,898.7907104492189,0.9990234375,-1.08736360837405,768.7907104492189,1.0,-0.18717218102819358,True,318,359.0,400,0.0873636083740501,368.79071044921886,True,0.9068316156279836,20
1755329850.066299,20.56760334968567,True,-17.26063346862793,898.7907104492186,0.9990234375,49.29475671710262,768.7907104492186,1.0,50.39494599035145,True,329,49.0,1850,0.2947567171026222,1081.2092895507812,False,0.7264226029778311,21
1755329850.2277145,20.729018926620483,True,-21.96807861328125,898.7907104492188,1.0,-8.167472787507789,768.7907104492188,1.0,-6.767338565029211,True,342,352.0,450,0.16747278750778882,318.79071044921875,True,0.9184415136376087,36
1755329850.374651,20.87595534324646,True,-29.813817977905273,898.7907104492188,1.0,-45.41866800810259,768.7907104492188,1.0,-43.51880432264263,True,370,315.0,450,0.41866800810259264,318.79071044921875,True,0.9156504556309999,37
1755329850.5627234,21.064027786254883,True,-53.799373626708984,892.6884265252068,0.9970703125,-15.117641085303214,762.6884265252068,1.0,-11.668785760455492,True,399,345.0,550,0.11764108530321415,212.68842652520675,True,0.9455207701986625,56
1755329850.7148623,21.216166734695435,True,-60.25529861450195,882.0985347780671,0.9716796875,32.03186911558904,752.0985347780671,1.0,35.93961798484911,True,415,32.0,1900,0.031869115589039154,1147.901465221933,False,0.7126705324101941,26
1755329850.8930795,21.394383907318115,True,-715.5316772460938,1051.0830638733567,0.40478515625,-3.22161218078609,921.0830638733567,1.0,31.02372049510883,True,405,357.0,400,0.22161218078609002,521.0830638733567,False,0.867266876467371,38
1755329851.0414631,21.54276752471924,True,-715.5316772460938,1051.0830638733567,0.40478515625,18.30693856566059,921.0830638733567,1.0,52.55227124155551,True,412,18.0,2100,0.30693856566059097,1178.9169361266433,False,0.7018603374609993,31
1755329851.2262146,21.727519035339355,True,-637.315673828125,1298.1935990563438,0.6123046875,11.921516539424815,1168.1935990563438,1.0,38.06909161454504,True,412,12.0,2300,0.0784834605751854,1131.8064009436562,False,0.7161763613132506,38
1755329851.376043,21.877347469329834,True,-56.08871078491211,1146.0490874182524,0.50830078125,-10.576491193015533,1016.0490874182524,1.0,-7.774617929965999,True,397,349.0,450,0.4235088069844668,566.0490874182524,False,0.8537820747344984,41
1755329851.546442,22.047746419906616,True,-108.97235107421875,956.1608139337487,0.94482421875,-39.829471807958896,826.1608139337487,1.0,-33.32760328492316,True,371,320.0,500,0.17052819204110392,326.1608139337487,True,0.9165650388272173,52
1755329851.6973898,22.198694229125977,True,-86.78073120117188,929.6619993203731,0.693359375,-3.7056036541981094,799.6619993203731,1.0,1.6273053900744623,True,353,356.0,2000,0.29439634580189056,1200.338000679627,False,0.6966444293211833,17
1755329851.8635888,22.364893198013306,True,-103.15445709228516,936.0799324667539,0.58837890625,9.438754390867103,806.0799324667539,1.0,15.727280968946976,True,338,9.0,2350,0.43875439086710344,1543.920067533246,False,0.6091449343292763,31
1755329852.014567,22.515871286392212,True,-103.15445709228516,937.8685302734375,0.62158203125,3.835279603658815,807.8685302734375,1.0,10.111909216543397,True,321,4.0,2250,0.16472039634118518,1442.1314697265625,False,0.6376369059423461,25
1755329852.1984982,22.69980263710022,True,-108.88525390625,943.071225197581,0.58837890625,3.2881144190177025,813.071225197581,1.0,9.874216602096746,True,306,3.0,2200,0.2881144190177025,1386.928774802419,False,0.6500665349769763,23
1755329852.3460312,22.84733557701111,True,-110.52262115478516,940.4866290318273,0.6748046875,8.075007878080738,810.4866290318273,1.0,14.777461672890547,True,303,8.0,2400,0.07500787808073817,1589.5133709681727,False,0.601788236390393,31
1755329852.510782,23.012086391448975,True,-108.88525390625,942.6952340984136,0.59228515625,5.23725955879582,812.6952340984136,1.0,11.825965496353424,True,305,5.0,2300,0.23725955879582017,1487.3047659015865,False,0.6255375912046498,27
1755329852.662019,23.163323402404785,True,-112.15999603271484,940.1622015185602,0.70849609375,5.905342505908677,810.1622015185602,1.0,12.708493553074865,True,303,6.0,2300,0.09465749409132318,1489.8377984814397,False,0.626488800445292,28
1755329852.832521,23.33382534980774,True,-128.53372192382812,937.8685302734374,0.81640625,7.520113264854268,807.8685302734374,1.0,15.323813987076111,True,305,8.0,2400,0.4798867351457323,1592.1314697265625,False,0.5966350577334067,32
1755329852.984337,23.485641479492188,True,-144.0887451171875,937.8685302734374,0.5400390625,8.38544223204767,807.8685302734374,1.0,17.11974464914027,True,307,8.0,2400,0.38544223204766936,1592.1314697265625,False,0.597684441101163,31
1755329853.1545198,23.655824184417725,True,-148.1821746826172,937.8685302734375,0.8759765625,8.74603584281736,807.8685302734375,1.0,17.7244840251467,True,302,9.0,2350,0.2539641571826401,1542.1314697265625,False,0.6116453085996634,31
1755329853.3082106,23.80951499938965,True,-144.90744018554688,937.8685302734375,0.9091796875,6.2357731461781265,807.8685302734375,1.0,15.018931133122132,True,302,6.0,2300,0.2357731461781265,1492.1314697265625,False,0.624347430944158,28
1755329853.466785,23.96808934211731,True,-147.43316650390625,931.1891793090707,0.9072265625,7.712695474364947,801.1891793090707,1.0,16.709531554489022,True,299,8.0,2400,0.2873045256350526,1598.8108206909292,False,0.5971050223202116,32
1755329853.6216652,24.12296962738037,True,-149.00086975097656,928.6784288899817,0.93408203125,6.6670315995714455,798.6784288899817,1.0,15.782110408554816,True,300,7.0,2450,0.33296840042855447,1651.3215711100183,False,0.5834699583288447,31
1755329853.7857242,24.287028551101685,True,-145.7261199951172,933.9989198868691,0.9208984375,6.147099918446149,803.9989198868691,1.0,15.01511075259137,True,298,6.0,2300,0.14709991844614922,1496.001080113131,False,0.6243652864334267,29
1755329853.9311252,24.432429552078247,True,-149.00086975097656,937.8685302734376,0.94140625,7.98205622911709,807.8685302734376,1.0,17.009294975693415,True,302,8.0,2400,0.017943770882910215,1592.1314697265625,False,0.601767757336327,32
1755329854.0881143,24.589418649673462,True,-150.63824462890625,937.8685302734375,0.94970703125,6.9265068347173715,807.8685302734375,1.0,16.05128614171445,True,313,7.0,2450,0.0734931652826285,1642.1314697265625,False,0.5886505418429968,29
1755329854.2395537,24.74085807800293,True,-147.36349487304688,937.8685302734374,0.77294921875,6.1589200885655755,807.8685302734374,1.0,15.088565483797362,True,335,6.0,2300,0.1589200885655755,1492.1314697265625,False,0.6252013538065196,27
1755329854.4020069,24.903311252593994,True,-146.54481506347656,937.8685302734375,0.94921875,7.584048728015898,807.8685302734375,1.0,16.46487826960657,True,353,8.0,2400,0.41595127198410164,1592.1314697265625,False,0.597345451768536,30
1755329854.5532122,25.054516553878784,True,-139.1766357421875,937.8685302734375,0.71044921875,5.317311033023486,807.8685302734375,1.0,13.758217117629837,True,405,5.0,2300,0.3173110330234863,1492.1314697265625,False,0.623441454423654,29
1755329854.7243981,25.22570252418518,True,-151.45692443847656,937.8685302734377,0.9140625,8.703711920223075,807.8685302734377,1.0,17.877241093364134,True,444,9.0,2350,0.2962880797769252,1542.1314697265623,False,0.6111750427930602,37
1755329854.8730829,25.37438726425171,True,-128.87937927246094,944.9445528411255,0.91357421875,4.344155924495982,814.9445528411255,1.0,12.110709151111024,True,483,4.0,500,0.34415592449598176,314.9445528411255,True,0.9174399070730966,35
1755329855.0443912,25.545695543289185,True,-138.65567016601562,958.5311277673014,0.52978515625,9.41082458267521,828.5311277673014,1.0,17.641812799580823,True,516,9.0,550,0.41082458267520927,278.5311277673014,True,0.9258025004728945,60
1755329855.1929607,25.694265127182007,True,-55.63344955444336,976.5794675810741,0.9912109375,0.14349426825229128,846.5794675810741,1.0,3.403976850641717,True,532,360.0,500,0.14349426825229128,346.57946758107414,True,0.9117607523463727,66
1755329855.3753545,25.87665891647339,True,3.3475167751312256,966.7824577405947,0.986328125,-0.10328122146152416,836.7824577405947,1.0,-0.3016689921892304,True,525,360.0,500,0.10328122146152416,336.78245774059474,True,0.9146568164375011,66
1755329855.527466,26.028770446777344,True,18.411340713500977,960.1687106681112,0.9853515625,0.796849263587009,830.1687106681112,1.0,-0.3016689921892304,True,513,1.0,600,0.20315073641299097,230.1687106681112,True,0.9402005919283833,71
1755329855.7123857,26.213690042495728,True,54.77754592895508,971.8120886706471,0.9951171875,-5.693009993293453,841.8120886706471,1.0,-8.919152864677168,True,483,354.0,650,0.3069900067065472,191.81208867064709,True,0.948635977757821,71
1755329855.8671036,26.36840796470642,True,54.29983139038086,992.6893275408938,0.9853515625,-2.1484333220100673,862.6893275408938,1.0,-5.2793764304052875,True,444,358.0,650,0.14843332201006731,212.68932754089383,True,0.9451784089813313,53
1755329856.051664,26.552968502044678,True,62.182064056396484,1001.7353164740208,0.97314453125,-3.3279748685593895,871.7353164740208,1.0,-6.880015286147267,True,412,357.0,650,0.3279748685593895,221.7353164740208,True,0.9409220056752794,45
1755329856.2033541,26.70465850830078,True,67.9509506225586,975.1882352341868,0.97705078125,-4.555070460541867,845.1882352341868,1.0,-8.540988064349802,True,378,355.0,650,0.4449295394581334,195.18823523418678,True,0.9462592796419185,45
1755329856.373866,26.875170469284058,True,76.07231903076172,913.4756539725714,0.93115234375,-4.89631684180436,783.4756539725714,1.0,-9.656803383470184,True,367,355.0,650,0.10368315819563989,133.47565397257142,True,0.9654790514157945,38
1755329856.524193,27.025497436523438,True,74.58070373535156,862.8457507914286,0.9482421875,-3.8265643493189985,732.8457507914286,1.0,-8.766688605479509,True,359,356.0,650,0.17343565068100153,82.8457507914286,True,0.9773614995167984,31
1755329856.6942594,27.195563793182373,True,120.3629150390625,847.0369570151834,0.96533203125,-14.939396600426537,717.0369570151834,1.0,-23.026912259719225,True,328,354.0,650,8.939396600426537,67.03695701518336,False,0.883914131852576,18
1755329856.8453639,27.346668243408203,True,125.02973937988281,856.1357077564586,0.970703125,-6.226284863757886,726.1357077564586,1.0,-14.53500310590917,True,304,354.0,650,0.22628486375788626,76.1357077564586,True,0.9784517967969089,10
1755329857.0163336,27.517637968063354,True,116.74464416503906,862.8390502929688,0.95947265625,-4.733223253281784,732.8390502929688,1.0,-12.438715799830009,True,282,355.0,650,0.2667767467182163,82.83905029296875,True,0.976326051352111,7
1755329857.1702878,27.671592235565186,True,122.20143127441406,868.7396707628242,0.955078125,-6.742034042862369,738.7396707628242,1.0,-14.74902097848687,True,272,357.0,650,3.742034042862369,88.73967076282418,True,0.9362369262774899,2
1755329857.3400607,27.841365098953247,True,116.82149505615234,876.9723808408237,0.9384765625,-5.880355899684525,746.9723808408237,1.0,-13.468056378506363,True,271,1.0,600,6.880355899684525,146.9723808408237,False,0.8868085059044104,11
1755329857.4946175,27.995921850204468,True,118.3586196899414,880.447998046875,0.958984375,-6.724363367772438,750.447998046875,1.0,-14.380734372438809,True,258,6.0,600,12.724363367772437,150.447998046875,False,0.8210061852908097,13
1755329857.6665528,28.16785717010498,True,109.9659194946289,869.9139701017652,0.91845703125,-6.6291861819062685,739.9139701017652,1.0,-13.833738978023858,True,261,6.0,600,12.629186181906269,139.91397010176524,False,0.824697216564489,13
1755329857.8122241,28.313528537750244,True,114.48506164550781,864.0596754787475,0.900390625,-7.188224884491114,734.0596754787475,1.0,-14.735765238077246,True,262,6.0,600,13.188224884491113,134.05967547874752,False,0.8199492490804119,13
1755329857.978639,28.47994327545166,True,109.21272277832031,862.8390502929688,0.94384765625,-5.387744342589515,732.8390502929688,1.0,-12.601522077953579,True,255,6.0,600,11.387744342589514,132.83905029296875,False,0.8402597447313187,13
1755329858.1315415,28.632845878601074,True,104.6935806274414,862.8390502929688,0.9453125,-4.743140233530658,732.8390502929688,1.0,-11.661371475873185,True,257,6.0,600,10.743140233530658,132.83905029296875,False,0.8474220126097505,13
1755329858.2949433,28.796247720718384,True,97.16167449951172,862.8390502929688,0.91845703125,-4.162918605172823,732.8390502929688,1.0,-10.58775650787169,True,256,6.0,600,10.162918605172823,132.83905029296875,False,0.8538689195915041,13
1755329858.4496024,28.95090675354004,True,100.68168640136719,868.8221017627028,0.94287109375,-5.2116926216239845,738.8221017627028,1.0,-11.821814189888048,True,259,6.0,600,11.211692621623985,138.8221017627028,False,0.8407201120968356,13
1755329858.6020837,29.10338807106018,True,101.45024871826172,877.0222023394356,0.94384765625,-6.121038330976266,747.0222023394356,1.0,-12.719447135966423,True,258,6.0,600,12.121038330976265,147.02220233943558,False,0.828566245737627,13
1755329858.7529337,29.25423812866211,True,85.11061096191406,874.5351836213923,0.9453125,-3.238651017112955,744.5351836213923,1.0,-8.797226758428671,True,258,6.0,600,9.238651017112955,144.53518362139232,False,0.8612145261267301,12
1755329858.9055498,29.406854152679443,True,85.31044006347656,876.6308529509661,0.7646484375,-3.236834548644345,746.6308529509661,1.0,-8.795143312500379,True,255,6.0,600,9.236834548644346,146.63085295096607,False,0.8607107917773213,12
1755329859.057361,29.55866527557373,True,73.01343536376953,879.1405299617495,0.9013671875,-3.0458271833457538,749.1405299617495,1.0,-7.793399359223546,True,254,6.0,600,9.045827183345754,149.1405299617495,False,0.8622056765834987,12
1755329859.2213752,29.722679615020752,True,90.22603607177734,891.5254366883883,0.85546875,-5.172374795682875,761.5254366883883,1.0,-10.951266960155712,True,252,6.0,600,11.172374795682874,161.52543668838825,False,0.8354811430980933,11
1755329859.3734362,29.874740600585938,True,80.81114959716797,897.5386065001477,0.89990234375,-3.5849828860350494,767.5386065001477,1.0,-8.729816537939053,True,254,6.0,600,9.58498288603505,167.5386065001477,False,0.8516155385301292,11
1755329859.5464683,30.047772645950317,True,78.4574203491211,898.7907104492188,0.8720703125,-4.246778867392598,768.7907104492188,1.0,-9.235607771966182,True,258,6.0,600,10.246778867392598,168.79071044921875,False,0.8439492238611108,11
1755329859.6948786,30.1961829662323,True,59.62763595581055,893.7805931798011,0.9208984375,-2.923692105764132,763.7805931798011,1.0,-6.7404642170115485,True,255,6.0,600,8.923692105764133,163.78059317980114,False,0.8599027171965594,11
1755329859.8559055,30.35720992088318,True,35.35387420654297,885.1681014457636,0.9560546875,-0.14838758988859607,755.1681014457636,1.0,-2.435582186976328,True,253,6.0,600,6.148387589888596,155.16810144576357,False,0.8928925569731303,11
1755329860.0075693,30.50887370109558,True,36.122432708740234,881.6358278638925,0.9462890625,-2.794670884402936,751.6358278638925,1.0,-5.140884500957847,True,251,6.0,600,8.794670884402937,151.63582786389247,False,0.864372477651772,11
1755329860.1635134,30.664817810058594,True,35.35387420654297,880.447998046875,0.9541015625,-1.6645241148225167,750.447998046875,1.0,-3.963967291562389,True,256,6.0,600,7.664524114822517,150.447998046875,False,0.8772266214346978,11
1755329860.3175194,30.81882381439209,True,50.9973258972168,886.50991446805,0.94287109375,-4.609994886036897,756.50991446805,1.0,-7.902360552643129,True,255,6.0,600,10.609994886036898,156.50991446805006,False,0.8429836893159108,11
1755329860.4838166,30.98512101173401,True,35.30583953857422,890.2113255824032,0.966796875,-1.9532612866285124,760.2113255824032,1.0,-4.2244253706510175,True,255,6.0,600,7.953261286628512,160.21132558240322,False,0.8715775987529712,11
1755329860.6351197,31.13642406463623,True,17.676937103271484,890.124900741013,0.9921875,1.8298302745640613,760.124900741013,1.0,0.6921463633308147,True,253,6.0,600,4.1701697254359384,160.124900741013,True,0.9136335556432363,11
1755329860.797691,31.29899549484253,True,11.528437614440918,884.0325816669873,0.9951171875,1.4392832830841777,754.0325816669873,1.0,0.6921463633308147,True,255,6.0,600,4.560716716915822,154.0325816669873,True,0.9108172243952996,11
1755329860.9469905,31.44829487800598,True,14.602686882019043,880.447998046875,0.9912109375,1.6423394755744798,750.447998046875,1.0,0.6921463633308147,True,258,6.0,600,4.35766052442552,150.447998046875,True,0.9139695502168865,11
1755329861.0983698,31.599674224853516,True,16.139812469482422,880.447998046875,0.9921875,1.7423385113557897,750.447998046875,1.0,0.6921463633308147,True,256,6.0,600,4.25766148864421,150.447998046875,True,0.9150806506144566,11
1755329861.2523732,31.75367760658264,True,15.371249198913574,880.4479980468749,0.990234375,1.6923397241973956,750.4479980468749,1.0,0.6921463633308147,True,256,6.0,600,4.307660275802604,150.4479980468749,True,0.9145251085349191,11
1755329861.4185338,31.919838190078735,True,14.602686882019043,880.447998046875,0.9921875,1.6423394755744798,750.447998046875,1.0,0.6921463633308147,True,256,6.0,600,4.35766052442552,150.447998046875,True,0.9139695502168865,11
1755329861.568801,32.07010531425476,True,13.06556224822998,880.4479980468749,0.9931640625,1.5423347121846323,750.4479980468749,1.0,0.6921463633308147,True,255,6.0,600,4.4576652878153675,150.4479980468749,True,0.9128583861792217,11
1755329861.7313242,32.23262858390808,True,14.602686882019043,880.447998046875,0.9921875,1.6423394755744798,750.447998046875,1.0,0.6921463633308147,True,255,6.0,600,4.35766052442552,150.447998046875,True,0.9139695502168865,11
1755329861.8812647,32.38256907463074,True,13.06556224822998,880.447998046875,0.9931640625,1.542334712184632,750.447998046875,1.0,0.6921463633308147,True,254,6.0,600,4.457665287815368,150.447998046875,True,0.9128583861792217,11
1755329862.04094,32.54224443435669,True,13.834124565124512,880.447998046875,0.99609375,1.592337779536077,750.447998046875,1.0,0.6921463633308147,True,257,6.0,600,4.407662220463923,150.447998046875,True,0.9134139758164599,11
1755329862.1924708,32.69377517700195,True,10.984039306640625,891.450982273027,0.994140625,1.3980822598863778,761.450982273027,1.0,0.6921463633308147,True,254,6.0,600,4.601917740113622,161.45098227302697,True,0.9085048350971474,11
1755329862.3484066,32.8497109413147,True,12.553187370300293,897.5615968865862,0.986328125,1.4934259277102568,767.5615968865862,1.0,0.6921463633308147,True,253,6.0,600,4.506574072289743,167.56159688658624,True,0.9080365555306896,11
1755329862.5013852,33.002689599990845,True,13.337760925292969,898.7907104492188,0.990234375,1.542334634700625,768.7907104492188,1.0,0.6921463633308147,True,260,6.0,600,4.457665365299375,168.79071044921875,True,0.9082727072177023,11
1755329862.6645474,33.16585183143616,True,10.19946575164795,898.7907104492188,0.9873046875,1.3423102456047569,768.7907104492188,1.0,0.6921463633308147,True,256,6.0,600,4.657689754395243,168.79071044921875,True,0.906050214005526,11
1755329862.8151202,33.31642460823059,True,9.222750663757324,892.6849448072403,0.9853515625,1.2840751189105954,762.6849448072403,1.0,0.6921463633308147,True,252,6.0,600,4.715924881089404,162.6849448072403,True,0.9069295984527521,11
1755329862.9819233,33.48322772979736,True,11.768613815307617,895.1284592493049,0.9873046875,1.4453936185224159,765.1284592493049,1.0,0.6921463633308147,True,253,6.0,600,4.554606381477584,165.1284592493049,True,0.9081111476157007,11
1755329863.1342194,33.63552379608154,True,12.553187370300293,897.570442972858,0.9873046875,1.4934180316570191,767.570442972858,1.0,0.6921463633308147,True,247,6.0,600,4.506581968342981,167.57044297285802,True,0.9080342562751968,11
1755329863.2934613,33.79476571083069,True,2.3537228107452393,898.7907104492188,0.9912109375,0.8421902760564056,768.7907104492188,1.0,0.6921463633308147,True,250,6.0,600,5.157809723943594,168.79071044921875,False,0.9004933254549887,11
1755329863.4428148,33.9441192150116,True,2.305687665939331,887.8180325374217,0.98828125,0.8409447322470238,757.8180325374217,1.0,0.6921463633308147,True,249,6.0,600,5.159055267752976,157.8180325374217,False,0.9032226555572782,11
1755329863.6000464,34.10135078430176,True,-2.305687665939331,881.6797448605289,0.9873046875,0.5423120592581193,751.6797448605289,1.0,0.6921463633308147,True,248,6.0,600,5.457687940741881,151.6797448605289,False,0.9014390866655135,11
1755329863.7534184,34.25472283363342,True,-3.0742499828338623,880.447998046875,0.98388671875,0.4920881727870407,750.447998046875,1.0,0.6921463633308147,True,256,6.0,600,5.5079118272129595,150.447998046875,False,0.901188980185915,12
1755329863.9156325,34.41693687438965,True,-3.0742499828338623,880.4479980468749,0.97705078125,0.4920881727870407,750.4479980468749,1.0,0.6921463633308147,True,257,6.0,600,5.5079118272129595,150.4479980468749,False,0.901188980185915,12
1755329864.0678518,34.56915616989136,True,0.7685624957084656,880.447998046875,0.990234375,0.7421611015197159,750.447998046875,1.0,0.6921463633308147,True,255,6.0,600,5.257838898480284,150.447998046875,False,0.9039675682829448,11
1755329864.2464936,34.74779796600342,True,3.1382968425750732,886.5761356291546,0.990234375,0.8949607700112622,756.5761356291546,1.0,0.6921463633308147,True,252,6.0,600,5.105039229988738,156.57613562915458,False,0.9041333079817253,11
1755329864.3960297,34.89733409881592,True,3.0742499828338623,884.1206453928851,0.9892578125,0.8913735165589672,754.1206453928851,1.0,0.6921463633308147,True,250,6.0,600,5.108626483441033,154.12064539288508,False,0.9047073221691005,11
1755329864.5540786,35.05538296699524,True,3.8428122997283936,881.6725362242386,0.98828125,0.9418712021748258,751.6725362242386,1.0,0.6921463633308147,True,248,6.0,600,5.058128797825174,151.67253622423857,False,0.905880434856994,11
1755329864.709171,35.2104754447937,True,5.4920196533203125,891.4765012044378,0.9921875,1.0451176036666234,761.4765012044378,1.0,0.6921463633308147,True,248,6.0,600,4.954882396333376,161.4765012044378,True,0.9045766258507419,11
1755329864.85538,35.35668444633484,True,11.217741966247559,909.0601499866228,0.99609375,1.3991365989913407,779.0601499866228,1.0,0.6921463633308147,True,259,6.0,600,4.6008634010086595,179.06014998662283,True,0.9041142580476925,11
1755329865.0102377,35.511542081832886,True,12.01900863647461,916.643751941538,0.9970703125,1.4433640604504727,786.643751941538,1.0,0.6921463633308147,True,253,6.0,600,4.556635939549527,186.64375194153797,True,0.9027097737973986,11
1755329865.174539,35.675843477249146,True,10.416475296020508,917.9138793945312,0.99609375,1.3423102494822676,787.9138793945312,1.0,0.6921463633308147,True,251,6.0,600,4.657689750517733,187.91387939453125,True,0.9012694218122812,11
1755329865.327006,35.82831048965454,True,8.630316734313965,906.4432285659982,0.9951171875,1.2376474694730184,776.4432285659982,1.0,0.6921463633308147,True,254,6.0,600,4.762352530526981,176.4432285659982,True,0.9029741647415339,11
1755329865.4899027,35.991207122802734,True,12.01900863647461,906.4452268385822,0.9970703125,1.4518151168042333,776.4452268385822,1.0,0.6921463633308147,True,256,6.0,600,4.548184883195766,176.44522683858224,True,0.9053533056992904,11
1755329865.6408427,36.142147064208984,True,11.217741966247559,908.9923983824244,0.9970703125,1.3991892890470714,778.9923983824244,1.0,0.6921463633308147,True,252,6.0,600,4.600810710952929,178.99239838242443,True,0.9041317813938058,11
1755329865.8044543,36.3057587146759,True,8.813940048217773,916.6385851101967,0.99609375,1.2430570613089371,786.6385851101967,1.0,0.6921463633308147,True,252,6.0,600,4.756942938691063,186.6385851101967,True,0.9004854321814391,11
1755329865.9550593,36.456363677978516,True,9.61520767211914,917.9138793945312,0.9970703125,1.2923014350849937,787.9138793945312,1.0,0.6921463633308147,True,251,6.0,600,4.707698564915006,187.91387939453125,True,0.9007137683189783,11
1755329866.1167483,36.61805272102356,True,7.845742225646973,911.5390735001979,0.9970703125,1.1852868435074737,781.5390735001979,1.0,0.6921463633308147,True,254,6.0,600,4.814713156492527,181.5390735001979,True,0.9011184187750336,11
1755329866.2654006,36.76670503616333,True,9.61520767211914,914.0869967028096,0.99609375,1.2948138370948916,784.0869967028096,1.0,0.6921463633308147,True,258,6.0,600,4.705186162905108,184.08699670280964,True,0.9016984045697964,11
1755329866.4188073,36.920111656188965,True,8.012672424316406,916.6381684835111,0.99609375,1.19297715517342,786.6381684835111,1.0,0.6921463633308147,True,257,6.0,600,4.80702284482658,186.6381684835111,True,0.8999290929366046,12
1755329866.571263,37.07256746292114,True,8.813940048217773,912.8113691389023,0.99609375,1.245366764631276,782.8113691389023,1.0,0.6921463633308147,True,256,6.0,600,4.754633235368724,182.81136913890225,True,0.9014678995445109,11
1755329866.732268,37.233572483062744,True,10.416475296020508,915.3619573590896,0.99609375,1.3441226740785006,785.3619573590896,1.0,0.6921463633308147,True,253,6.0,600,4.6558773259215,185.36195735908962,True,0.9019275403722109,11
1755329866.891947,37.39325141906738,True,10.416475296020508,917.9138793945312,0.9931640625,1.3423102494822676,787.9138793945312,1.0,0.6921463633308147,True,251,6.0,600,4.657689750517733,187.91387939453125,True,0.9012694218122812,11
1755329867.0570314,37.55833578109741,True,11.217741966247559,917.9138793945312,0.9970703125,1.3923180137324567,787.9138793945312,1.0,0.6921463633308147,True,257,6.0,600,4.6076819862675436,187.91387939453125,True,0.9018250636372833,11
1755329867.208388,37.70969247817993,True,9.61520767211914,917.9138793945312,0.986328125,1.2923014350849937,787.9138793945312,1.0,0.6921463633308147,True,255,6.0,600,4.707698564915006,187.91387939453125,True,0.9007137683189783,11
1755329867.3701177,37.87142205238342,True,7.845742225646973,906.4346967734266,0.9931640625,1.1880637114224237,776.4346967734266,1.0,0.6921463633308147,True,253,6.0,600,4.811936288577576,176.4346967734266,True,0.9024253670446702,12
1755329867.5181844,38.01948881149292,True,7.061168193817139,900.060058545615,0.9931640625,1.1416350749033841,770.060058545615,1.0,0.6921463633308147,True,254,6.0,600,4.858364925096616,170.060058545615,True,0.9035031528625228,12
1755329867.6782646,38.17956900596619,True,10.19946575164795,898.7907104492188,0.9912109375,1.3423102456047569,768.7907104492188,1.0,0.6921463633308147,True,252,6.0,600,4.657689754395243,168.79071044921875,True,0.906050214005526,11
1755329867.826625,38.32792949676514,True,7.845742225646973,898.7907104492188,0.9931640625,1.1922811489606056,768.7907104492188,1.0,0.6921463633308147,True,255,6.0,600,4.807718851039395,168.79071044921875,True,0.9043832240428131,11
1755329867.978734,38.48003840446472,True,4.7074456214904785,898.7907104492186,0.990234375,0.9922321308362722,768.7907104492186,1.0,0.6921463633308147,True,252,6.0,600,5.007767869163728,168.79071044921864,False,0.902160457174765,11
1755329868.127837,38.629141330718994,True,10.19946575164795,898.7907104492188,0.990234375,1.3423102456047569,768.7907104492188,1.0,0.6921463633308147,True,252,6.0,600,4.657689754395243,168.79071044921875,True,0.906050214005526,11
1755329868.2862546,38.787559032440186,True,6.2765936851501465,898.7907104492188,0.990234375,1.0922578441259694,768.7907104492188,1.0,0.6921463633308147,True,251,6.0,600,4.907742155874031,168.79071044921875,True,0.9032718539890949,11
1755329868.439013,38.94031739234924,True,7.845742225646973,898.790710449219,0.9892578125,1.1922811489606056,768.790710449219,1.0,0.6921463633308147,True,254,6.0,600,4.807718851039395,168.79071044921898,True,0.9043832240428131,11
1755329868.6019716,39.103276014328,True,6.2765936851501465,898.7907104492186,0.98828125,1.0922578441259694,768.7907104492186,1.0,0.6921463633308147,True,257,6.0,600,4.907742155874031,168.79071044921864,True,0.903271853989095,11
1755329868.7531514,39.25445580482483,True,5.4920196533203125,898.7907104492188,0.9931640625,1.042245254237054,768.7907104492188,1.0,0.6921463633308147,True,254,6.0,600,4.957754745762946,168.79071044921875,True,0.9027161585458847,11
1755329868.9143126,39.41561698913574,True,9.414891242980957,898.7907104492186,0.986328125,1.2923014357920055,768.7907104492186,1.0,0.6921463633308147,True,251,6.0,600,4.707698564207995,168.79071044921864,True,0.9054945605631621,12
1755329869.064864,39.56616830825806,True,13.621543884277344,905.1747252921097,0.9931640625,1.5542982193449104,775.1747252921097,1.0,0.6921463633308147,True,250,6.0,600,4.44570178065509,175.17472529210966,True,0.9068096322252494,11
1755329869.2214835,39.722787857055664,True,7.845742225646973,902.6233839335614,0.9921875,1.1901576092694828,772.6233839335614,1.0,0.6921463633308147,True,254,6.0,600,4.809842390730517,172.6233839335614,True,0.9034014607862706,11
1755329869.3700476,39.87135195732117,True,10.19946575164795,900.0681843599768,0.9912109375,1.34138754189609,770.0681843599768,1.0,0.6921463633308147,True,252,6.0,600,4.65861245810391,170.06818435997684,True,0.9057205932644068,11
1755329869.536281,40.037585496902466,True,7.061168193817139,898.7907104492188,0.990234375,1.142269854696359,768.7907104492188,1.0,0.6921463633308147,True,252,6.0,600,4.857730145303641,168.79071044921875,True,0.9038275429954326,11
1755329869.6870792,40.18838357925415,True,10.416475296020508,905.1822445463301,0.9951171875,1.351454180014188,775.1822445463301,1.0,0.6921463633308147,True,250,6.0,600,4.648545819985812,175.18224454633014,True,0.904553929752464,11
1755329869.8533504,40.35465478897095,True,10.416475296020508,914.1042638009756,0.9951171875,1.345019634644662,784.1042638009756,1.0,0.6921463633308147,True,256,6.0,600,4.654980365355338,184.10426380097556,True,0.9022519299902523,11
1755329869.9972925,40.49859690666199,True,12.01900863647461,917.9138793945312,0.99609375,1.4423247111989375,787.9138793945312,1.0,0.6921463633308147,True,259,6.0,600,4.557675288801063,187.91387939453125,True,0.9023806936091332,11
1755329870.1585283,40.65983271598816,True,10.416475296020508,917.9138793945312,0.9970703125,1.3423102494822676,787.9138793945312,1.0,0.6921463633308147,True,258,6.0,600,4.657689750517733,187.91387939453125,True,0.9012694218122812,11
1755329870.309003,40.81030750274658,True,11.217741966247559,917.9138793945312,0.9951171875,1.3923180137324567,787.9138793945312,1.0,0.6921463633308147,True,257,6.0,600,4.6076819862675436,187.91387939453125,True,0.9018250636372833,11
1755329870.472335,40.973639488220215,True,11.217741966247559,917.9138793945312,0.9951171875,1.3923180137324567,787.9138793945312,1.0,0.6921463633308147,True,257,6.0,600,4.6076819862675436,187.91387939453125,True,0.9018250636372833,12
1755329870.6226885,41.123992919921875,True,12.01900863647461,917.9138793945312,0.99609375,1.4423247111989375,787.9138793945312,1.0,0.6921463633308147,True,257,6.0,600,4.557675288801063,187.91387939453125,True,0.9023806936091332,12
1755329870.7807364,41.28204083442688,True,14.422810554504395,917.9138793945312,0.9970703125,1.5923377604927988,787.9138793945312,1.0,0.6921463633308147,True,254,6.0,600,4.407662239507201,187.91387939453125,True,0.9040475052679539,11
1755329870.9320178,41.4333221912384,True,-13.337760925292969,906.4693326687318,0.9873046875,-0.1508410814713506,776.4693326687318,1.0,0.6921463633308147,True,253,6.0,600,6.15084108147135,176.4693326687318,False,0.8875399881498021,12
1755329871.095424,41.59672832489014,True,-2.403801918029785,911.5728613298825,0.9970703125,0.5410587308502665,781.5728613298825,1.0,0.6921463633308147,True,257,6.0,600,5.458941269149734,181.57286132988247,False,0.8939518816769767,13
1755329871.2460487,41.747353076934814,True,0.8012672662734985,916.6504155464258,0.99609375,0.7422300377042026,786.6504155464258,1.0,0.6921463633308147,True,253,6.0,600,5.257769962295797,186.65041554642585,False,0.8949177298656624,13
1755329871.4126873,41.91399168968201,True,3.205069065093994,917.9138793945312,0.99609375,0.8922045477771331,787.9138793945312,1.0,0.6921463633308147,True,256,6.0,600,5.107795452222867,187.91387939453125,False,0.896268247348891,13
1755329871.5623677,42.06367206573486,True,0.8012672662734985,917.9138793945312,0.9951171875,0.7421610999953346,787.9138793945312,1.0,0.6921463633308147,True,254,6.0,600,5.257838900004665,187.91387939453125,False,0.8946010979290931,13
1755329871.7295094,42.23081374168396,True,-1.5691484212875366,911.5532627349236,0.9921875,0.5935174659952306,781.5532627349236,1.0,0.6921463633308147,True,257,6.0,600,5.40648253400477,181.55326273492358,False,0.8945396561606606,13
1755329871.8816605,42.382964849472046,True,0.0,914.0967596207714,0.9951171875,0.6921463633308147,784.0967596207714,1.0,0.6921463633308147,True,255,6.0,600,5.3078536366691855,184.09675962077142,False,0.8949996585762606,13
1755329872.0377922,42.53909659385681,True,-0.8012672662734985,916.6389178059468,0.98828125,0.6420620607397223,786.6389178059468,1.0,0.6921463633308147,True,257,6.0,600,5.357937939260278,186.6389178059468,False,0.8938076267789546,12
1755329872.1926084,42.693912744522095,True,1.602534532546997,917.9138793945312,0.9931640625,0.7921757604382603,787.9138793945312,1.0,0.6921463633308147,True,265,6.0,600,5.20782423956174,187.91387939453125,False,0.8951568163784589,13
1755329872.3523066,42.85361099243164,True,-1.602534532546997,917.9138793945312,0.994140625,0.5921169662233691,787.9138793945312,1.0,0.6921463633308147,True,257,6.0,600,5.407883033776631,187.91387939453125,False,0.8929339408871824,13
1755329872.5026906,43.003994941711426,True,0.0,917.9138793945312,0.9951171875,0.6921463633308147,787.9138793945312,1.0,0.6921463633308147,True,253,6.0,600,5.3078536366691855,187.91387939453125,False,0.8940453786328206,13
1755329872.663632,43.16493630409241,True,-1.602534532546997,912.815368364894,0.9951171875,0.5915582552757811,782.815368364894,1.0,0.6921463633308147,True,252,6.0,600,5.408441744724219,182.81536836489397,False,0.8942023607451741,13
1755329872.8145792,43.31588363647461,True,-0.8012672662734985,915.3637898629898,0.9931640625,0.6419922919091833,785.3637898629898,1.0,0.6921463633308147,True,253,6.0,600,5.358007708090817,185.36378986298985,False,0.8941256335554657,13
1755329872.9794385,43.48074293136597,True,-4.006336212158203,912.8137003314484,0.9951171875,0.4406769974978479,782.8137003314484,1.0,0.6921463633308147,True,259,6.0,600,5.559323002502152,182.81370033144844,False,0.8925263193337807,13
1755329873.129573,43.63087749481201,True,1.602534532546997,915.3659571723459,0.99609375,0.792454191815041,785.3659571723459,1.0,0.6921463633308147,True,260,6.0,600,5.207545808184959,185.36595717234593,False,0.8957968906159696,13
1755329873.2886617,43.789966106414795,True,-1.602534532546997,917.9138793945312,0.9951171875,0.5921169662233691,787.9138793945312,1.0,0.6921463633308147,True,250,6.0,600,5.407883033776631,187.91387939453125,False,0.8929339408871824,13
1755329873.434708,43.936012506484985,True,-0.8012672662734985,917.9138793945312,0.9951171875,0.6421316266662949,787.9138793945312,1.0,0.6921463633308147,True,254,6.0,600,5.357868373333705,187.91387939453125,False,0.8934896593365482,13
1755329873.5909529,44.092257261276245,True,-0.8012672662734985,917.9138793945312,0.99609375,0.6421316266662949,787.9138793945312,1.0,0.6921463633308147,True,250,6.0,600,5.357868373333705,187.91387939453125,False,0.8934896593365482,13
1755329873.7420945,44.243398904800415,True,-0.8012672662734985,917.9138793945312,0.99609375,0.6421316266662949,787.9138793945312,1.0,0.6921463633308147,True,250,6.0,600,5.357868373333705,187.91387939453125,False,0.8934896593365482,13
1755329873.9120095,44.41331386566162,True,2.403801918029785,912.8117024837939,0.9970703125,0.8430289450757853,782.8117024837939,1.0,0.6921463633308147,True,255,6.0,600,5.156971054924215,182.81170248379385,False,0.8969973959910047,14
1755329874.0612586,44.56256294250488,True,-2.3537228107452393,908.9981453494114,0.9951171875,0.5437873347762787,778.9981453494114,1.0,0.6921463633308147,True,255,6.0,600,5.456212665223721,178.9981453494114,False,0.8946258784934946,14
1755329874.2257798,44.727084159851074,True,2.403801918029785,914.0944930450067,0.99609375,0.8428172056328188,784.0944930450067,1.0,0.6921463633308147,True,253,6.0,600,5.1571827943671815,184.09449304500674,False,0.8966743456902241,13
1755329874.372896,44.87420034408569,True,3.205069065093994,916.6395017112357,0.994140625,0.892482680683941,786.6395017112357,1.0,0.6921463633308147,True,255,6.0,600,5.1075173193160595,186.63950171123565,False,0.896589932135346,13
1755329874.5357642,45.037068605422974,True,0.0,917.9138793945312,0.9951171875,0.6921463633308147,787.9138793945312,1.0,0.6921463633308147,True,259,6.0,600,5.3078536366691855,187.91387939453125,False,0.8940453786328206,14
1755329874.6861897,45.18749403953552,True,-3.1382968425750732,911.5440783388647,0.994140625,0.49488716569509256,781.5440783388647,1.0,0.6921463633308147,True,258,6.0,600,5.505112834304907,181.54407833886467,False,0.8934460600341182,13
1755329874.849954,45.351258277893066,True,-0.8012672662734985,908.9883135495534,0.9921875,0.6416405206877699,778.9883135495534,1.0,0.6921463633308147,True,255,6.0,600,5.35835947931223,178.98831354955337,False,0.8957155940646979,14
1755329874.998679,45.49998331069946,True,-4.7074456214904785,902.6073303382518,0.99609375,0.39332946708092803,772.6073303382518,1.0,0.6921463633308147,True,258,6.0,600,5.606670532919072,172.6073303382518,False,0.8945518281607807,14
1755329875.1611063,45.662410736083984,True,-2.3537228107452393,900.0623342235781,0.9951171875,0.542314434296676,770.0623342235781,1.0,0.6921463633308147,True,259,6.0,600,5.457685565703324,170.0623342235781,False,0.8968434657140685,14
1755329875.3115098,45.812814235687256,True,-6.2765936851501465,898.7907104492188,0.9931640625,0.2920348825356599,768.7907104492188,1.0,0.6921463633308147,True,258,6.0,600,5.70796511746434,168.79071044921875,False,0.8943804877492026,14
1755329875.4774258,45.97873020172119,True,2.403801918029785,910.2781530060607,0.994140625,0.8434488900236393,780.2781530060607,1.0,0.6921463633308147,True,255,6.0,600,5.156551109976361,180.27815300606073,False,0.8976354494154142,14
1755329875.626745,46.12804937362671,True,1.602534532546997,916.6431745513567,0.994140625,0.7923144268071111,786.6431745513567,1.0,0.6921463633308147,True,263,6.0,600,5.207685573192889,186.64317455135665,False,0.8954760333266842,15
1755329875.7862213,46.28752565383911,True,-6.2765936851501465,911.5378211669043,0.9951171875,0.2976299361661003,781.5378211669043,1.0,0.6921463633308147,True,257,6.0,600,5.7023700638339,181.53782116690434,False,0.8912558773323417,14
1755329875.9369662,46.438270568847656,True,6.410138130187988,915.3641235351564,0.994140625,1.0933723323564921,785.3641235351564,1.0,0.6921463633308147,True,258,6.0,600,4.906627667643508,185.3641235351564,True,0.899140883920172,14
1755329876.0995045,46.60080885887146,True,0.8012672662734985,917.9138793945312,0.99609375,0.7421610999953346,787.9138793945312,1.0,0.6921463633308147,True,257,6.0,600,5.257838900004665,187.91387939453125,False,0.8946010979290931,14
1755329876.250081,46.75138545036316,True,5.608870983123779,917.9138793945312,0.994140625,1.0422452591017015,787.9138793945312,1.0,0.6921463633308147,True,255,6.0,600,4.957754740898299,187.91387939453125,True,0.8979353663636083,14
1755329876.4034166,46.90472102165222,True,3.205069065093994,917.9138793945312,0.9970703125,0.8922045477771331,787.9138793945312,1.0,0.6921463633308147,True,253,6.0,600,5.107795452222867,187.91387939453125,False,0.896268247348891,14
1755329876.5562859,47.05759024620056,True,0.0,917.9138793945312,0.9970703125,0.6921463633308147,787.9138793945312,1.0,0.6921463633308147,True,253,6.0,600,5.3078536366691855,187.91387939453125,False,0.8940453786328206,14
1755329876.7188466,47.2201509475708,True,-1.602534532546997,917.9138793945312,0.9970703125,0.5921169662233691,787.9138793945312,1.0,0.6921463633308147,True,256,6.0,600,5.407883033776631,187.91387939453125,False,0.8929339408871824,15
1755329876.8687654,47.37006974220276,True,0.0,917.9138793945312,0.9970703125,0.6921463633308147,787.9138793945312,1.0,0.6921463633308147,True,260,6.0,600,5.3078536366691855,187.91387939453125,False,0.8940453786328206,15
1755329877.0298028,47.53110718727112,True,-1.602534532546997,917.9138793945312,0.998046875,0.5921169662233691,787.9138793945312,1.0,0.6921463633308147,True,259,6.0,600,5.407883033776631,187.91387939453125,False,0.8929339408871824,15
1755329877.1824775,47.68378186225891,True,-0.8012672662734985,917.9138793945312,0.9970703125,0.6421316266662949,787.9138793945312,1.0,0.6921463633308147,True,253,6.0,600,5.357868373333705,187.91387939453125,False,0.8934896593365482,15
1755329877.34535,47.846654415130615,True,-32.16754150390625,911.5515845707342,0.9931640625,87.9789406182877,781.5515845707342,1.0,90.0,True,258,88.0,1100,0.02105938171230548,318.44841542926576,True,0.9201539030125468,17
1755329877.4960577,47.99736213684082,True,-45.505306243896484,902.6382507589345,0.986328125,53.49067049995694,772.6382507589345,1.0,56.37671763422181,True,257,53.0,1850,0.49067049995694134,1077.3617492410654,False,0.7252076682457677,23
1755329877.6560998,48.15740418434143,True,-41.582435607910156,898.7907104492188,0.9912109375,-28.94554138683419,768.7907104492188,1.0,-26.296648434376596,True,260,326.0,1600,5.05445861316581,831.2092895507812,False,0.7360370263549068,11
1755329877.8061266,48.30743098258972,True,-44.72072982788086,898.7907104492188,0.9912109375,-65.84330471145974,768.7907104492188,1.0,-62.9948132150225,True,257,294.0,1650,0.15669528854026282,881.2092895507812,False,0.7779566188507462,29
1755329877.9615293,48.462833642959595,True,-43.9361572265625,898.7907104492188,0.994140625,-46.191280709823175,768.7907104492188,1.0,-43.392682491772675,True,252,314.0,1600,0.19128070982317524,831.2092895507812,False,0.7900723363920472,23
1755329878.112077,48.61338138580322,True,-43.9361572265625,898.7907104492186,0.9912109375,15.354084021484777,768.7907104492186,1.0,18.152682239535277,True,255,15.0,600,0.3540840214847769,168.79071044921864,True,0.9538680554823089,25
1755329878.2730732,48.7743775844574,True,-42.367008209228516,898.7907104492186,0.9921875,33.083804484168674,768.7907104492186,1.0,35.782603233746805,True,255,33.0,1900,0.08380448416867381,1131.2092895507812,False,0.7162665166770972,24
1755329878.424136,48.925440311431885,True,-43.9361572265625,898.7907104492189,0.9931640625,2.248822543314297,768.7907104492189,1.0,5.047420761364795,True,257,6.0,600,3.751177456685703,168.79071044921886,True,0.9161225728689653,15
1755329878.6083586,49.109663009643555,True,-44.72072982788086,898.7907104492189,0.9892578125,1.5285573008465718,768.7907104492189,1.0,4.377048797283812,True,256,6.0,600,4.471442699153428,168.79071044921886,True,0.9081196257304349,15
1755329878.753525,49.25482940673828,True,-45.505306243896484,898.7907104492188,0.9892578125,2.4130926642146417,768.7907104492188,1.0,5.311473358407889,True,260,6.0,600,3.5869073357853583,168.79071044921875,True,0.9179477964345246,15
1755329878.9254773,49.42678165435791,True,-45.505306243896484,898.7907104492188,0.9892578125,2.9764044642406278,768.7907104492188,1.0,5.874785158433874,True,256,6.0,600,3.0235955357593722,168.79071044921875,True,0.9242068164348134,15
1755329879.0775452,49.57884955406189,True,-46.28988265991211,898.7907104492186,0.9931640625,2.040362132786632,768.7907104492186,1.0,4.988627626429583,True,253,6.0,600,3.959637867213368,168.79071044921864,True,0.9138063460853246,15
1755329879.237352,49.73865628242493,True,-48.64360046386719,898.7907104492188,0.994140625,2.9371567638404446,768.7907104492188,1.0,6.035048788420603,True,259,6.0,600,3.0628432361595554,168.79071044921875,True,0.9237707308748113,15
1755329879.3855376,49.886842012405396,True,-52.082374572753906,905.177240994793,0.9931640625,2.012806920853099,775.177240994793,1.0,5.305878740797391,True,257,6.0,600,3.987193079146901,175.177240994793,True,0.9119035444274473,15
1755329879.5516503,50.05295467376709,True,-52.56647491455078,907.7306127810915,0.98828125,3.1559202988771076,777.7306127810915,1.0,6.470204402791037,True,255,6.0,600,2.8440797011228924,177.7306127810915,True,0.9239664612366949,16
1755329879.7019577,50.20326209068298,True,-57.273921966552734,902.6302133337975,0.9853515625,3.754912971469951,772.6302133337975,1.0,7.3855919727832005,True,259,6.0,600,2.245087028530049,172.63021333379754,True,0.931897035238439,16
1755329879.8722935,50.373597860336304,True,-49.67856979370117,910.2890093882555,0.9912109375,1.4997035897436264,780.2890093882555,1.0,4.623493435852351,True,257,6.0,600,4.500296410256373,180.28900938825552,True,0.9049244542056432,16
1755329880.0230272,50.52433156967163,True,-50.47983932495117,916.6471201071219,0.9921875,2.6271453129889464,786.6471201071219,1.0,5.779245142165247,True,253,6.0,600,3.3728546870110536,186.64712010712185,True,0.9158620567842078,15
1755329880.1842248,50.68552923202515,True,-51.781898498535156,911.5491143086824,0.990234375,2.1589777501545204,781.5491143086824,1.0,5.410255166054159,True,254,6.0,600,3.8410222498454796,181.54911430868242,True,0.9119346964245463,15
1755329880.3338947,50.83519911766052,True,-53.351043701171875,902.6334871841773,0.98828125,2.951427471752939,772.6334871841773,1.0,6.334015724081584,True,252,6.0,600,3.048572528247061,172.63348718417728,True,0.9229686001123216,15
1755329880.4920151,50.993319511413574,True,-48.64360046386719,898.7907104492188,0.97802734375,2.1542267668558877,768.7907104492188,1.0,5.252118791436046,True,253,6.0,600,3.8457732331441123,168.79071044921875,True,0.9150715086860941,15
1755329880.6437368,51.1450412273407,True,-48.64360046386719,898.7907104492189,0.990234375,3.0125678368206956,768.7907104492189,1.0,6.110459861400853,True,252,6.0,600,2.9874321631793044,168.79071044921886,True,0.924608631685703,15
1755329880.8096237,51.31092810630798,True,-32.050689697265625,905.1925334904729,0.9951171875,0.9627535950413881,775.1925334904729,1.0,2.990612135256112,True,254,6.0,600,5.037246404958612,175.1925334904729,False,0.9002324621278417,15
1755329880.9611323,51.46243667602539,True,-29.646886825561523,914.0940047934963,0.994140625,2.1247954587449565,784.0940047934963,1.0,3.982423070828077,True,256,6.0,600,3.8752045412550435,184.0940047934963,True,0.9109186705654588,16
1755329881.1298168,51.63112115859985,True,-29.029245376586914,911.5273965039241,0.9970703125,0.9412602337980536,781.5273965039241,1.0,2.7653318847832233,True,262,6.0,600,5.058739766201946,181.52739650392414,False,0.8984099312495528,16
1755329881.2746024,51.775906801223755,True,-31.38296890258789,902.6115909175853,0.99609375,2.250355211530056,772.6115909175853,1.0,4.2416742215395,True,259,6.0,600,3.749644788469944,172.61159091758532,True,0.9151843823987154,16
1755329881.4297867,51.93109107017517,True,-31.38296890258789,902.6115909175853,0.99609375,1.3120709574719664,772.6115909175853,1.0,3.3033899674814107,True,251,6.0,600,4.687929042528033,172.61159091758532,True,0.90475900179807,16
1755329881.5798361,52.08114051818848,True,-32.95211410522461,900.0646706603521,0.994140625,1.6944115218274831,770.0646706603521,1.0,3.7911210885671487,True,250,6.0,600,4.305588478172517,170.06467066035214,True,0.9096439603552173,15
1755329881.7398229,52.241127252578735,True,-31.38296890258789,898.7907104492189,0.9951171875,0.7973399938636903,768.7907104492189,1.0,2.7971175106234902,True,250,6.0,600,5.20266000613631,168.79071044921886,False,0.8999949889861807,15
1755329881.8913736,52.392678022384644,True,-34.52126693725586,898.7907104492188,0.9921875,2.1315237501633817,768.7907104492188,1.0,4.331091584196685,True,249,6.0,600,3.8684762498366183,168.79071044921875,True,0.9148192529450663,15
1755329882.0577402,52.55904459953308,True,-31.38296890258789,898.7907104492188,0.9931640625,1.1048274754872316,768.7907104492188,1.0,3.1046049922470322,True,256,6.0,600,4.895172524512768,168.79071044921875,True,0.9034115165597756,16
1755329882.2081585,52.70946288108826,True,-33.736690521240234,898.7907104492188,0.9931640625,1.8376826261638448,768.7907104492188,1.0,3.987307586338856,True,256,6.0,600,4.162317373836155,168.79071044921875,True,0.9115543515672936,14
1755329882.365919,52.867223501205444,True,-30.5983943939209,898.7907104492189,0.994140625,1.0354844096521991,768.7907104492189,1.0,2.9853065543748287,True,254,6.0,600,4.964515590347801,168.79071044921886,True,0.9026410380504974,14
1755329882.5166538,53.01795816421509,True,-30.5983943939209,898.7907104492189,0.994140625,2.0562131233905014,768.7907104492189,1.0,4.0060352681131315,True,256,6.0,600,3.9437868766094986,168.79071044921886,True,0.9139824682031453,15
1755329882.6726837,53.17398810386658,True,-31.38296890258789,898.7907104492186,0.9931640625,1.3994675913092742,768.7907104492186,1.0,3.399245108069075,True,254,6.0,600,4.600532408690726,168.79071044921864,True,0.9066852956244651,16
1755329882.824425,53.32572937011719,True,-31.38296890258789,898.7907104492188,0.9951171875,2.337255351322,768.7907104492188,1.0,4.3370328680818,True,253,6.0,600,3.662744648678,168.79071044921875,True,0.9171051596246065,15
1755329882.9919868,53.49329113960266,True,-31.38296890258789,903.8892204960538,0.9951171875,0.9888438602574607,773.8892204960538,1.0,2.9773504413964513,True,255,6.0,600,5.011156139742539,173.88922049605378,False,0.9008481822121805,15
1755329883.1431081,53.64441251754761,True,-32.95211410522461,901.3404663085938,0.994140625,1.7564322314774898,771.3404663085938,1.0,3.8501766694966175,True,257,6.0,600,4.24356776852251,171.34046630859382,True,0.9100141304392682,15
1755329883.2998042,53.801108598709106,True,-32.16754150390625,898.7907104492186,0.9931640625,1.4774032343778336,768.7907104492186,1.0,3.527132960291555,True,255,6.0,600,4.522596765622167,168.79071044921864,True,0.9075512472141157,15
1755329883.4523768,53.953681230545044,True,-28.84562110900879,905.1721975972648,0.9951171875,1.7368958001000192,775.1721975972648,1.0,3.5621542643353217,True,256,6.0,600,4.263104199899981,175.1721975972648,True,0.9088391261573507,15
1755329883.6108394,54.112143754959106,True,-30.5983943939209,902.6191012459327,0.994140625,2.431169862133676,772.6191012459327,1.0,4.372728326376876,True,260,6.0,600,3.568830137866324,172.6191012459327,True,0.9171915564900022,15
1755329883.7615747,54.26287913322449,True,-35.30583953857422,900.0667571491908,0.994140625,1.2011667971839777,770.0667571491908,1.0,3.447488006339757,True,256,6.0,600,4.798833202816022,170.06675714919083,True,0.9041629417925243,15
1755329883.9157805,54.41708493232727,True,-33.736690521240234,898.7907104492186,0.99609375,1.8527746555459699,768.7907104492186,1.0,4.002399615720981,True,254,6.0,600,4.14722534445403,168.79071044921864,True,0.9117220407826505,15
1755329884.0646155,54.56591987609863,True,-32.16754150390625,898.7907104492188,0.9951171875,1.0558012777575303,768.7907104492188,1.0,3.1055310036712513,True,254,6.0,600,4.9441987222424695,168.79071044921875,True,0.9028667810294456,15
1755329884.2238207,54.7251250743866,True,-34.52126693725586,898.7907104492188,0.9951171875,1.8766751430012971,768.7907104492188,1.0,4.0762429770346,True,254,6.0,600,4.123324856998703,168.79071044921875,True,0.9119876017543764,15
1755329884.3801565,54.88146090507507,True,-32.16754150390625,898.7907104492188,0.99609375,2.094085863087049,768.7907104492188,1.0,4.14381558900077,True,254,6.0,600,3.905914136912951,168.79071044921875,True,0.9144032764219958,15
1755329884.5374196,55.038723945617676,True,-29.029245376586914,898.7907104492188,0.99609375,1.2499301098738593,768.7907104492188,1.0,3.0998326889182874,True,257,6.0,600,4.750069890126141,168.79071044921875,True,0.9050237680529605,16
1755329884.6856158,55.186920166015625,True,-29.813817977905273,898.7907104492188,0.994140625,2.07452843344182,768.7907104492188,1.0,3.9743921189017795,True,257,6.0,600,3.92547156655818,168.79071044921875,True,0.91418597164816,16
1755329884.8406222,55.34192657470703,True,-32.95211410522461,898.7907104492189,0.994140625,2.7935607846633133,768.7907104492189,1.0,4.8932396026445115,True,255,6.0,600,3.2064392153366867,168.79071044921886,True,0.9221752199950655,16
1755329884.9949763,55.496280670166016,True,-31.38296890258789,898.7907104492186,0.994140625,1.4533112961279162,768.7907104492186,1.0,3.453088812887717,True,252,6.0,600,4.546688703872084,168.79071044921864,True,0.9072835590113388,16
1755329885.1641328,55.6654372215271,True,-29.029245376586914,898.7907104492188,0.994140625,1.2069005192217055,768.7907104492188,1.0,3.056803098266134,True,253,6.0,600,4.793099480778294,168.79071044921875,True,0.9045456614901587,15
1755329885.3156357,55.81694006919861,True,-32.16754150390625,898.7907104492186,0.994140625,1.8940747982970298,768.7907104492186,1.0,3.943804524210752,True,255,6.0,600,4.10592520170297,168.79071044921864,True,0.9121809312576623,15
1755329885.476345,55.977649450302124,True,-37.65956497192383,898.7907104492188,0.9931640625,1.4999841422385756,768.7907104492188,1.0,3.8992887920016943,True,256,6.0,600,4.500015857761424,168.79071044921875,True,0.9078021461903462,15
1755329885.6231623,56.12446665763855,True,-33.736690521240234,898.7907104492188,0.9931640625,1.544775819328384,768.7907104492188,1.0,3.6944007795033955,True,258,6.0,600,4.455224180671616,168.79071044921875,True,0.908299831491344,16
1755329885.7839384,56.285242795944214,True,-33.736690521240234,898.7907104492188,0.9951171875,1.9935043261082785,768.7907104492188,1.0,4.14312928628329,True,251,6.0,600,4.006495673891721,168.79071044921875,True,0.9132857037888984,15
1755329885.929878,56.43118238449097,True,-35.30583953857422,898.7907104492186,0.994140625,1.8575604540804385,768.7907104492186,1.0,4.10706757526798,True,256,6.0,600,4.1424395459195615,168.79071044921864,True,0.9117752163219224,15
1755329886.0803275,56.581631898880005,True,-31.24942398071289,905.1713556321494,0.99609375,1.23247811991051,775.1713556321494,1.0,3.2097272695880052,True,256,6.0,600,4.76752188008949,175.17135563214936,True,0.903234695757635,15
1755329886.2309039,56.732208251953125,True,-31.24942398071289,914.0907468355313,0.994140625,2.1563937036826557,784.0907468355313,1.0,4.114364609564039,True,254,6.0,600,3.8436062963173443,184.09074683553126,True,0.9112705766653689,15
1755329886.3853986,56.88670301437378,True,-31.24942398071289,917.9138793945312,0.99609375,2.287684644596027,787.9138793945312,1.0,4.237506864193485,True,250,6.0,600,3.712315355403973,187.91387939453125,True,0.9117735817579897,15
1755329886.540144,57.04144835472107,True,-27.243087768554688,917.9138793945312,0.9970703125,0.8461942211767296,787.9138793945312,1.0,2.546196704626782,True,253,6.0,600,5.15380577882327,187.91387939453125,False,0.8957570214977753,15
1755329886.7037923,57.20509672164917,True,-28.044355392456055,917.9138793945312,0.994140625,1.938598391065829,787.9138793945312,1.0,3.688570322649029,True,254,6.0,600,4.061401608934171,187.91387939453125,True,0.9078948456076542,14
1755329886.8536353,57.354939699172974,True,-26.197956085205078,929.8900633480168,0.99609375,2.0411562502453373,799.8900633480168,1.0,3.65493343389823,True,254,6.0,600,3.9588437497546627,199.89006334801684,True,0.9060403313879439,15
1755329887.016872,57.518176317214966,True,-26.197956085205078,936.5409154381506,0.9970703125,0.9130933428366015,806.5409154381506,1.0,2.5154162718230224,True,257,6.0,600,5.086906657163398,206.5409154381506,False,0.8918435860608691,17
1755329887.1720524,57.673356771469116,True,-22.10452651977539,937.8685302734377,0.9970703125,0.2465872546866724,807.8685302734377,1.0,1.5967356018357974,True,259,6.0,600,5.7534127453133275,207.86853027343773,False,0.8841060591503813,16
1755329887.3308423,57.832146644592285,True,-26.780134201049805,950.3740060444127,0.9970703125,1.001819287917993,820.3740060444127,1.0,2.615902513817099,True,261,6.0,600,4.998180712082007,220.37400604441268,True,0.8893711572435412,16
1755329887.4816625,57.982966899871826,True,-25.106374740600586,957.3211902892043,0.9970703125,1.0220974959656135,827.3211902892043,1.0,2.524372460410984,True,261,6.0,600,4.977902504034386,227.3211902892043,True,0.8878596746050946,16
1755329887.643668,58.14497232437134,True,-28.45389175415039,958.7100830078125,0.9970703125,2.125239883681799,828.7100830078125,1.0,3.8252423169091827,True,256,6.0,600,3.874760116318201,228.7100830078125,True,0.8997695890667334,15
1755329887.794672,58.295976400375366,True,-32.63828659057617,958.7100830078125,0.9970703125,1.0270075617614358,828.7100830078125,1.0,2.9768296774793006,True,253,6.0,600,4.972992438238564,228.7100830078125,True,0.8875670077120628,15
1755329887.9571965,58.45850086212158,True,-33.47516632080078,958.7100830078125,0.99609375,2.077125360035074,828.7100830078125,1.0,4.076902863396,True,256,6.0,600,3.922874639964926,228.7100830078125,True,0.8992349832484365,15
1755329888.1084244,58.60972881317139,True,-34.38481521606445,946.2130582880312,0.9951171875,2.701962724097481,816.2130582880312,1.0,4.783141219590617,True,254,6.0,600,3.298037275902519,216.21305828803122,True,0.909301876806853,15
1755329888.2690046,58.77030897140503,True,-35.2035026550293,939.2603322761258,0.9931640625,1.4854927474144124,809.2603322761258,1.0,3.6319354157778987,True,257,6.0,600,4.514507252585588,209.26033227612584,True,0.8975237252355732,15
1755329888.4217343,58.923038721084595,True,-37.65956115722656,937.8685302734374,0.99609375,1.1974954796334454,807.8685302734374,1.0,3.4969386000278138,True,253,6.0,600,4.802504520366554,207.8685302734374,True,0.8946717060942345,14
1755329888.5856695,59.086973905563354,True,-37.65956115722656,937.8685302734375,0.99609375,2.370113507540892,807.8685302734375,1.0,4.66955662793526,True,254,6.0,600,3.629886492459108,207.8685302734375,True,0.9077007952932061,14
1755329888.7345614,59.23586583137512,True,-39.29693603515625,937.8685302734375,0.9931640625,1.3609300429281888,807.8685302734375,1.0,3.760234706706765,True,251,6.0,600,4.639069957071811,207.8685302734375,True,0.8964876456863983,14
1755329888.902851,59.40415549278259,True,-40.93430709838867,937.8685302734375,0.990234375,2.400258891491,807.8685302734375,1.0,4.899410282719114,True,251,6.0,600,3.599741108509,207.8685302734375,True,0.9080357440037629,14
1755329889.049952,59.55125641822815,True,-36.022186279296875,937.8685302734375,0.9951171875,1.6238122628483898,807.8685302734375,1.0,3.823379860168083,True,252,6.0,600,4.376187737151611,207.8685302734375,True,0.8994085592410672,14
1755329889.2209098,59.722214221954346,True,-32.63828659057617,950.3789160331949,0.9951171875,1.2275183889691694,820.3789160331949,1.0,3.1944195764211045,True,251,6.0,600,4.77248161103083,220.37891603319486,True,0.8918776975358031,14
1755329889.374722,59.87602639198303,True,-30.964529037475586,954.5447720302176,0.9951171875,1.3364502390069106,824.5447720302176,1.0,3.1944195764211045,True,252,6.0,600,4.66354976099309,224.5447720302176,True,0.8920465874258556,14
1755329889.5328977,60.034202098846436,True,-35.2035026550293,942.0384776985951,0.9951171875,1.6475825405706752,812.0384776985951,1.0,3.7877010757423393,True,251,6.0,600,4.352417459429325,212.0384776985951,True,0.8986301865816921,14
1755329889.6843026,60.185606956481934,True,-40.115623474121094,939.2583308255172,0.9951171875,1.5000676216583568,809.2583308255172,1.0,3.9456779560993445,True,247,6.0,600,4.499932378341644,209.2583308255172,True,0.8976861686453803,15
1755329889.8481839,60.349488258361816,True,-36.022186279296875,937.8685302734376,0.9951171875,1.2670146334866683,807.8685302734376,1.0,3.4665822308063614,True,253,6.0,600,4.732985366513332,207.8685302734376,True,0.8954441411370481,17
1755329889.9978642,60.49916863441467,True,-33.47516632080078,944.8148047245878,0.994140625,1.3111180221351701,814.8148047245878,1.0,3.3402816057260716,True,257,6.0,600,4.688881977864829,214.81480472458782,True,0.8941976101759105,17
1755329890.1604486,60.66175293922424,True,-31.801406860351562,948.9803866052706,0.994140625,1.0347943291854544,818.9803866052706,1.0,2.9541225001063975,True,259,6.0,600,4.965205670814545,218.9803866052706,True,0.8900859514507429,17
1755329890.3142068,60.81551122665405,True,-33.47516632080078,955.9297541164951,0.9951171875,1.4971122459390873,825.9297541164951,1.0,3.502701374120767,True,262,6.0,600,4.502887754060913,225.92975411649513,True,0.893485475314644,17
1755329890.47539,60.97669434547424,True,-30.127649307250977,958.7100830078125,0.99609375,1.6963695773062006,828.7100830078125,1.0,3.496308152193484,True,262,6.0,600,4.303630422693799,228.7100830078125,True,0.895004363440338,17
1755329890.624695,61.125999450683594,True,-30.812368392944336,965.9735175402727,0.99609375,1.0972988806851378,835.9735175402727,1.0,2.9242850744345605,True,257,6.0,600,4.902701119314862,235.97351754027272,True,0.8865321637336555,17
1755329890.7874916,61.288795948028564,True,-34.31204605102539,963.0692834620306,0.9951171875,1.9544183843558918,833.0692834620306,1.0,3.994878274403714,True,259,6.0,600,4.0455816156441085,233.06928346203063,True,0.8967817722940022,17
1755329890.9352155,61.43651986122131,True,-28.45389175415039,965.9782642005246,0.99609375,1.3457830452057165,835.9782642005246,1.0,3.033001798563842,True,257,6.0,600,4.6542169547942835,235.97826420052456,True,0.8892919122299323,13
1755329891.0916874,61.59299182891846,True,-26.532873153686523,974.6922957977253,0.9970703125,0.4846125647272527,844.6922957977253,1.0,2.0439214004677217,True,253,6.0,600,5.515387435272747,244.69229579772525,False,0.877544843436427,12
1755329891.244832,61.74613642692566,True,-27.617013931274414,970.3379392337175,0.9951171875,1.3262169124305638,840.3379392337175,1.0,2.9564853284195722,True,255,6.0,600,4.673783087569436,240.33793923371752,True,0.8879845919963547,12
1755329891.40693,61.90823435783386,True,-30.964529037475586,960.1633392046909,0.9970703125,1.795090279338797,830.1633392046909,1.0,3.6421949310479156,True,257,6.0,600,4.2049097206612025,230.16333920469094,True,0.8957379460803694,12
1755329891.5558302,62.0571346282959,True,-29.290771484375,958.7100830078125,0.994140625,0.9996498026930307,828.7100830078125,1.0,2.7496216950839782,True,257,6.0,600,5.000350197306969,228.7100830078125,False,0.8872630326113027,12
1755329891.7229562,62.224260568618774,True,-32.524166107177734,971.7871159938951,0.99609375,2.0331423244015454,841.7871159938951,1.0,3.9500252482713405,True,280,6.0,600,3.9668576755984546,241.7871159938951,True,0.8954770246059878,19
1755329891.877599,62.37890338897705,True,-45.19147872924805,971.8202803951955,0.9873046875,3.7372784845053904,841.8202803951955,1.0,6.399722452016041,True,275,6.0,600,2.2627215154946096,241.82028039519548,True,0.9144035797290389,18
1755329892.0623515,62.563655853271484,True,-46.66511154174805,950.6420490892053,0.98193359375,2.094162701637697,820.6420490892053,1.0,4.904441806299821,True,278,6.0,600,3.905837298362303,220.64204908920533,True,0.901441295523673,18
1755329892.213691,62.71499538421631,True,-38.478248596191406,939.2630707820217,0.99609375,0.699308341442579,809.2630707820217,1.0,3.045199758960795,True,282,6.0,600,5.300691658557421,209.2630707820217,False,0.8887876583205232,18
1755329892.385101,62.88640546798706,True,-44.069698333740234,931.1922285995913,0.9921875,3.0241227211205812,801.1922285995913,1.0,5.733686905313332,True,273,7.0,600,3.9758772788794188,201.19222859959132,True,0.9055255286403309,19
1755329892.5376143,63.0389187335968,True,-37.65956497192383,910.4884759467151,0.9873046875,1.238262995297527,780.4884759467151,1.0,3.606777214762386,True,274,7.0,600,5.761737004702473,180.48847594671508,False,0.8908585809610715,19
1755329892.6988852,63.2001895904541,True,-37.65956497192383,900.0683549319201,0.9951171875,2.360239163375352,770.0683549319201,1.0,4.75614197869143,True,275,6.0,650,3.639760836624648,120.06835493192011,True,0.9295411241934128,18
1755329892.8501143,63.3514187335968,True,-37.65956497192383,898.7907104492188,0.99609375,1.4466346832578727,768.7907104492188,1.0,3.8459393330209912,True,284,360.0,650,1.4466346832578727,118.79071044921875,True,0.9542286036848301,3
1755329893.0088532,63.51015758514404,True,-39.2620964050293,905.1454827382091,0.9912109375,2.42131918397118,775.1454827382091,1.0,4.905055985001721,True,303,2.0,650,0.42131918397118007,125.14548273820913,True,0.9640323050491013,18
1755329893.164974,63.66627836227417,True,-51.886505126953125,927.4635093436684,0.97265625,2.6075670606166135,797.4635093436684,1.0,5.809614412960993,True,346,3.0,650,0.3924329393833865,147.46350934366842,True,0.9587737566709341,35
1755329893.3454108,63.846715211868286,True,-98.09001922607422,970.631203819077,0.7998046875,6.9354255445726185,840.631203819077,1.0,12.706029428161637,True,383,7.0,650,0.0645744554273815,190.63120381907697,True,0.9516247050960376,57
1755329893.495613,63.996917486190796,True,-103.7934341430664,1002.1165924816978,0.88134765625,5.352136573660716,872.1165924816978,1.0,11.26541667641474,True,409,5.0,850,0.35213657366071605,22.116592481697808,True,0.9905582232833454,61
1755329893.688188,64.18949246406555,True,-155.72738647460938,1125.0816108826677,0.970703125,6.919377278208743,995.0816108826677,1.0,14.799861069481025,True,426,7.0,850,0.08062272179125696,145.08161088266775,True,0.9628337892594302,71
1755329893.834352,64.33565640449524,True,-170.99476623535156,1160.423408871949,0.9560546875,8.29347744683653,1030.423408871949,1.0,16.676001080278528,True,432,8.0,650,0.29347744683652977,380.42340887194905,True,0.9016332872616069,73
1755329894.0261626,64.5274670124054,True,-194.0915985107422,1145.7195737450622,0.9951171875,9.425794860817774,1015.7195737450622,1.0,19.04075084571477,True,473,9.0,650,0.4257948608177742,365.71957374506223,True,0.903839052554648,72
1755329894.1763308,64.6776351928711,True,-442.0904846191406,1089.2882247626576,0.44970703125,2.562859797380606,959.2882247626576,1.0,24.652762782809766,True,480,3.0,850,0.437140202619394,109.28822476265759,True,0.9678208304468978,52
1755329894.370558,64.87186241149902,True,-202.64430236816406,1052.8380008003512,0.9951171875,-6.2229122935777434,922.8380008003512,1.0,4.671822324243974,True,479,354.0,800,0.22291229357774345,122.83800080035121,True,0.9668136965379373,90
1755329894.516543,65.0178472995758,True,-207.5654754638672,1029.4116650579238,0.99609375,12.522694435852236,899.4116650579238,1.0,23.922677007712146,True,447,13.0,1550,0.47730556414776437,650.5883349420762,False,0.8320495211072836,40
1755329894.7074614,65.20876574516296,True,-212.8583984375,974.3443248529452,0.998046875,12.417051461397113,844.3443248529452,1.0,24.740456865566248,True,429,13.0,1550,0.5829485386028868,705.6556751470548,False,0.8171088752287597,40
1755329894.863652,65.36495637893677,True,-245.5717315673828,921.5987316127105,0.994140625,19.561369736609404,791.5987316127105,1.0,34.48187841942268,True,421,20.0,2100,0.4386302633905963,1308.4012683872895,False,0.6680260133099488,29
1755329895.0452893,65.54659366607666,True,-255.93130493164062,890.4517175689931,0.98095703125,14.265643156888936,760.4517175689931,1.0,30.301214305814437,True,423,14.0,1550,0.26564315688893636,789.5482824310069,False,0.799661338760149,33
1755329895.1965673,65.69787168502808,True,-254.3941650390625,881.6859654434066,0.970703125,13.362938889266823,751.6859654434066,1.0,29.457455199057996,True,405,13.0,1550,0.3629388892668235,798.3140345565934,False,0.7963888370356648,33
1755329895.3713515,65.87265586853027,True,-254.20205688476562,886.1465218177008,0.8857421875,13.15775119089176,756.1465218177008,1.0,29.16394239499946,True,389,13.0,1550,0.15775119089176037,793.8534781822992,False,0.7997838394445167,32
1755329895.519011,66.02031540870667,True,-260.4786376953125,895.0599055290222,0.9912109375,13.821245732667988,765.0599055290222,1.0,30.047197966883093,True,366,14.0,1550,0.17875426733201216,784.9400944709778,False,0.8017788178563443,30
1755329895.6917272,66.19303154945374,True,-281.1913757324219,932.0869785575102,0.892578125,13.915659982965565,802.0869785575102,1.0,30.703137269044074,True,359,14.0,1550,0.08434001703443528,747.9130214424898,False,0.8120846333389949,30
1755329895.8389637,66.3402681350708,True,-281.5908203125,952.0927899803597,0.97705078125,13.190656002463745,822.0927899803597,1.0,29.66675771817099,True,352,13.0,1550,0.19065600246374537,727.9072100196403,False,0.8159047974677149,31
1755329896.011191,66.51249527931213,True,-261.8653259277344,1003.8286639222512,0.96044921875,10.434886731594643,873.8286639222512,1.0,25.05559926670111,True,337,10.0,2300,0.4348867315946432,1426.171336077749,False,0.6386250911850667,32
1755329896.1561503,66.6574547290802,True,-256.4436950683594,1020.7132692380296,0.93408203125,10.551745525963952,890.7132692380296,1.0,24.654820811118128,True,334,11.0,2300,0.4482544740360481,1409.2867307619704,False,0.6426977120424402,33
1755329896.3197243,66.82102870941162,True,-264.5135803222656,1025.544901255823,0.921875,13.363311585089694,895.5449012558231,1.0,27.82610623747462,True,320,13.0,1550,0.3633115850896935,654.4550987441769,False,0.8323494299240703,33
1755329896.4671314,66.96843576431274,True,-248.37376403808594,1033.9799319049757,0.92822265625,6.690168239023391,903.9799319049757,1.0,20.197353469196493,True,311,7.0,2450,0.3098317609766088,1546.0200680950243,False,0.6100524078542816,30
1755329896.6332664,67.13457083702087,True,-251.06375122070312,1030.6659923984598,0.88330078125,10.624671156507132,900.6659923984598,1.0,24.314935217061617,True,296,11.0,2300,0.3753288434928681,1399.3340076015402,False,0.6459961776163609,36
1755329896.7846584,67.2859628200531,True,-241.2005157470703,1027.1893310546875,0.9482421875,9.667332812014893,897.1893310546875,1.0,22.88189427038835,True,299,10.0,2300,0.3326671879851073,1402.8106689453125,False,0.6456010306749485,36
1755329896.9561656,67.45746994018555,True,-236.0611572265625,1042.276244150294,0.9541015625,9.171146752426608,912.2762441502939,1.0,21.932552742447896,True,289,9.0,2350,0.17114675242660837,1437.723755849706,False,0.6386674304550557,33
1755329897.1034951,67.60479950904846,True,-238.81675720214844,1050.5629362170796,0.95361328125,10.47964928606611,920.5629362170796,1.0,23.286635533956016,True,290,10.0,2300,0.4796492860661097,1379.4370637829204,False,0.6498112975424243,33
1755329897.2790666,67.78037095069885,True,-239.7352752685547,1052.2427978515625,0.93408203125,9.947271107659647,922.2427978515625,1.0,22.782039517935498,True,293,10.0,2300,0.05272889234035283,1377.7572021484375,False,0.6549748228813312,34
1755329897.434147,67.93545126914978,True,-232.38706970214844,1052.2427978515625,0.947265625,9.422776663030525,922.2427978515625,1.0,21.876600925903784,True,290,9.0,2350,0.4227766630305254,1427.7572021484375,False,0.6383631809847736,32
1755329897.6124983,68.1138026714325,True,-214.0165557861328,1052.2427978515625,0.97607421875,8.06543164548304,922.2427978515625,1.0,19.562050688549014,True,290,8.0,2400,0.0654316454830397,1477.7572021484375,False,0.6298336811797458,31
1755329897.7591279,68.26043224334717,True,-211.26097106933594,1052.2427978515625,0.97998046875,8.552629694647763,922.2427978515625,1.0,19.905091135826943,True,294,9.0,2350,0.4473703053522371,1427.7572021484375,False,0.6380899182923102,34
1755329897.9281063,68.42941069602966,True,-214.93505859375,1052.2427978515625,0.97900390625,9.639404941439665,922.2427978515625,1.0,21.184042514563966,True,292,10.0,2300,0.36059505856033525,1377.7572021484375,False,0.6515540877011091,33
1755329898.0785663,68.57987070083618,True,-208.50540161132812,1052.2427978515625,0.96337890625,8.615394702830534,922.2427978515625,1.0,19.823553552897682,True,297,9.0,2350,0.38460529716946645,1427.7572021484375,False,0.6387873072721189,32
1755329898.2536068,68.75491118431091,True,-208.50540161132812,1052.2427978515625,0.958984375,9.874812240837787,922.2427978515625,1.0,21.082971090904934,True,293,10.0,2300,0.1251877591622126,1377.7572021484375,False,0.6541697243610882,32
1755329898.403771,68.90507531166077,True,-186.4148406982422,1061.0032787332902,0.939453125,6.77535881433508,931.0032787332902,1.0,16.74033499564288,True,292,7.0,2450,0.22464118566491997,1518.9967212667098,False,0.617754806509268,29
1755329898.5729144,69.07421875,True,-178.88291931152344,1073.4530034410334,0.97412109375,7.13719458454044,943.4530034410334,1.0,16.598170974031774,True,291,7.0,2450,0.1371945845404401,1506.5469965589666,False,0.6218388665875868,29
1755329898.7200108,69.22131514549255,True,-183.5903778076172,1078.548828125,0.95703125,7.11290329199714,948.548828125,1.0,16.773188662439807,True,289,7.0,2450,0.11290329199714044,1501.451171875,False,0.6233827260090595,29
1755329898.8935637,69.39486813545227,True,-185.47335815429688,1078.548828125,0.96533203125,8.201503154245955,948.548828125,1.0,17.958973258487408,True,293,8.0,2400,0.20150315424595533,1451.451171875,False,0.6348982830951838,34
1755329899.048961,69.55026531219482,True,-176.05845642089844,1078.548828125,0.9482421875,7.5357671401813295,948.548828125,1.0,16.806757186225,True,291,8.0,2400,0.46423285981867046,1451.451171875,False,0.6319790641443759,34
1755329899.2240016,69.72530603408813,True,-172.29249572753906,1078.548828125,0.95068359375,6.4363642486303325,948.548828125,1.0,15.51238001232399,True,286,6.0,2300,0.4363642486303325,1351.451171875,False,0.6572887153798019,30
1755329899.3791625,69.8804669380188,True,-172.29249572753906,1085.715535879468,0.93505859375,15.191895299898333,955.715535879468,1.0,24.208988645107183,True,284,15.0,2150,0.19189529989833254,1194.284464120532,False,0.6992967139709967,31
1755329899.5401652,70.04146957397461,True,-164.7605743408203,1082.1082026915892,0.96533203125,7.004289782509253,952.1082026915892,1.0,15.661589132337417,True,287,7.0,2400,0.004289782509252937,1447.8917973084108,False,0.6379793864227945,30
1755329899.6920035,70.19330787658691,True,-159.1116485595703,1078.548828125,0.97998046875,6.351679327100788,948.548828125,1.0,14.743642340471729,True,282,6.0,2300,0.3516793271007881,1351.451171875,False,0.6582296589523524,28
1755329899.8503807,70.35168504714966,True,-136.5159149169922,1078.548828125,0.8759765625,4.355562499176714,948.548828125,1.0,11.569340731917409,True,285,4.0,2250,0.3555624991767141,1301.451171875,False,0.6706865125959531,26
1755329899.9991336,70.50043797492981,True,-146.87229919433594,1078.5488281250002,0.93359375,7.243713337157706,948.5488281250002,1.0,14.998315921257632,True,285,7.0,2350,0.24371333715770582,1401.4511718749998,False,0.6469292810628311,28
1755329900.1577418,70.6590461730957,True,-143.10633850097656,1078.548828125,0.90380859375,5.487137187927143,948.548828125,1.0,13.045231899682236,True,285,5.0,2300,0.4871371879271429,1351.451171875,False,0.6567245716098373,24
1755329900.30781,70.80911445617676,True,-144.04782104492188,1078.548828125,0.896484375,6.342497930517386,948.548828125,1.0,13.94973616568224,True,282,6.0,2300,0.34249793051738564,1351.451171875,False,0.6583316744699457,26
1755329900.470334,70.97163844108582,True,-144.04782104492188,1078.548828125,0.91162109375,5.191962716450764,948.548828125,1.0,12.799200951615617,True,273,5.0,2300,0.1919627164507638,1351.451171875,False,0.6600042879595749,24
1755329900.6218925,71.12319684028625,True,-144.04782104492188,1078.548828125,0.90234375,5.4433298702628425,948.548828125,1.0,13.050568105427697,True,269,5.0,2300,0.44332987026284254,1351.451171875,False,0.6572113195838851,24
1755329900.7874217,71.28872609138489,True,-141.22335815429688,1078.548828125,0.91015625,4.969200913318179,948.548828125,1.0,12.428974285474718,True,274,5.0,2300,0.030799086681820853,1351.451171875,False,0.6617949949570076,23
1755329900.9371789,71.43848323822021,True,-133.6914520263672,1078.5488281250002,0.86328125,4.7744222133704275,948.5488281250002,1.0,11.84047449428951,True,277,5.0,2300,0.2255777866295725,1351.4511718749998,False,0.6596307871798104,25
1755329901.1001942,71.6014986038208,True,-131.80845642089844,1078.548828125,0.90283203125,6.028439649468482,948.548828125,1.0,12.995954290280196,True,272,6.0,2300,0.02843964946848221,1351.451171875,False,0.6618212109260446,25
1755329901.2507446,71.7520489692688,True,-130.8669891357422,1078.548828125,0.857421875,5.177176559983829,948.548828125,1.0,12.095408404377368,True,271,5.0,2300,0.1771765599838293,1351.451171875,False,0.6601685785869853,24
1755329901.4187675,71.92007184028625,True,-130.8669891357422,1078.548828125,0.84814453125,5.311031523227071,948.548828125,1.0,12.22926336762061,True,274,5.0,2300,0.3110315232270713,1351.451171875,False,0.6586813012176158,25
1755329901.5731916,72.0744960308075,True,-129.9254913330078,1078.548828125,0.8857421875,5.360326206778106,948.548828125,1.0,12.22926336762061,True,276,5.0,2300,0.36032620677810634,1351.451171875,False,0.6581335825114933,27
1755329901.7433846,72.24468898773193,True,-132.7499542236328,1078.5488281249998,0.89453125,6.318139989968285,948.5488281249998,1.0,13.334928665375413,True,274,6.0,2300,0.31813998996828463,1351.4511718750002,False,0.6586023182538245,29
1755329901.8984468,72.39975118637085,True,-132.7499542236328,1078.548828125,0.8828125,5.489552006507694,948.548828125,1.0,12.506340681914821,True,278,5.0,2300,0.4895520065076937,1351.451171875,False,0.6566977402922756,27
1755329902.0672925,72.56859683990479,True,-131.80845642089844,1078.548828125,0.89453125,5.254068789772704,948.548828125,1.0,12.221583430584419,True,276,5.0,2300,0.2540687897727043,1351.451171875,False,0.65931422047822,25
1755329902.2158368,72.71714115142822,True,-133.6914520263672,1078.548828125,0.8974609375,5.162002725623466,948.548828125,1.0,12.228055006542549,True,274,5.0,2300,0.1620027256234664,1351.451171875,False,0.6603371767465449,24
1755329902.3892732,72.89057755470276,True,-142.1648406982422,1078.548828125,0.9208984375,6.732702181468778,948.548828125,1.0,14.241641384927389,True,277,7.0,2450,0.2672978185312216,1501.451171875,False,0.621667231269792,28
1755329902.539419,73.04072332382202,True,-144.04782104492188,1078.548828125,0.89208984375,5.857203481698016,948.548828125,1.0,13.46444171686287,True,279,6.0,2300,0.14279651830198414,1351.451171875,False,0.6605505790501168,28
1755329902.7153966,73.2167010307312,True,-214.3698272705078,1087.9375662605507,0.95263671875,8.471432520816984,957.9375662605507,1.0,19.618332231367123,True,276,8.0,2400,0.4714325208169843,1442.0624337394493,False,0.634246252444949,28
1755329902.8626397,73.3639440536499,True,-177.94142150878906,1084.1781527738192,0.927734375,6.584398207130907,954.1781527738192,1.0,15.90500647234328,True,279,7.0,2450,0.4156017928690927,1495.8218472261808,False,0.6214267404949093,27
1755329903.0314054,73.53270983695984,True,-174.1754608154297,1080.422467751259,0.94140625,7.6653496307492555,950.4224677512591,1.0,16.823239837943973,True,282,8.0,2400,0.33465036925074454,1449.577532248741,False,0.6338872795016954,29
1755329903.1782997,73.67960405349731,True,-179.82440185546875,1078.5488281249998,0.94970703125,8.23111938370797,948.5488281249998,1.0,17.696866554346233,True,285,8.0,2400,0.23111938370796992,1451.4511718750002,False,0.6345692138789392,31
1755329903.3366556,73.83796000480652,True,-175.11695861816406,1078.548828125,0.94384765625,7.100777881652085,948.548828125,1.0,16.323044084730636,True,277,7.0,2450,0.10077788165208457,1501.451171875,False,0.6235174527906713,26
1755329903.4858813,73.98718571662903,True,-177.94142150878906,1078.548828125,0.95263671875,6.965999563976745,948.548828125,1.0,16.334395082679826,True,274,7.0,2450,0.03400043602325464,1501.451171875,False,0.6242594244087694,26
1755329903.6478534,74.14915776252747,True,-176.99993896484375,1078.548828125,0.9384765625,8.115495082422091,948.548828125,1.0,17.435194658666287,True,287,8.0,2400,0.1154950824220915,1451.451171875,False,0.6358539283376712,32
1755329903.7950652,74.2963695526123,True,-174.1754608154297,1078.548828125,0.94140625,6.907457016623239,948.548828125,1.0,16.08098591817442,True,287,7.0,2400,0.09254298337676126,1451.451171875,False,0.636108951660397,28
1755329903.966999,74.46830344200134,True,-177.94142150878906,1078.548828125,0.94970703125,7.933970607595514,948.548828125,1.0,17.302366126298594,True,293,8.0,2400,0.06602939240448613,1451.451171875,False,0.6364035471156446,31
1755329904.1187828,74.62008714675903,True,-175.11695861816406,1078.548828125,0.95263671875,7.030076069107126,948.548828125,1.0,16.252342272185675,True,308,7.0,2400,0.03007606910712557,1451.451171875,False,0.6368030284856152,30
1755329904.2880256,74.78933000564575,True,-175.11695861816406,1078.5488281250002,0.95166015625,7.030827767089322,948.5488281250002,1.0,16.25309397016787,True,302,7.0,2400,0.030827767089322222,1451.4511718749998,False,0.6367946762858132,29
1755329904.4385493,74.93985366821289,True,-177.94142150878906,1078.548828125,0.9541015625,8.135967474281161,948.548828125,1.0,17.50436299298424,True,309,8.0,2400,0.13596747428116096,1451.451171875,False,0.6356264573170148,31
1755329904.6048265,75.10613083839417,True,-176.99993896484375,1078.548828125,0.96337890625,7.984691811153974,948.548828125,1.0,17.304391387398166,True,312,8.0,2400,0.015308188846026027,1451.451171875,False,0.636967116044072,31
1755329904.7545798,75.25588417053223,True,-159.1116485595703,1078.548828125,0.91357421875,5.752975907947856,948.548828125,1.0,14.144938921318797,True,342,6.0,2300,0.24702409205214426,1351.451171875,False,0.6593924948973373,27
1755329904.9154043,75.41670870780945,True,-143.10633850097656,1078.548828125,0.91845703125,5.101079869186596,948.548828125,1.0,12.659174580941688,True,390,5.0,2300,0.10107986918659595,1351.451171875,False,0.6610140973736212,25
1755329905.0621648,75.56346917152405,True,-184.62371826171875,1062.5594749214722,0.9384765625,9.620374423298598,932.5594749214722,1.0,19.477323531383608,True,420,10.0,2300,0.37962557670140207,1367.4405250785278,False,0.6539218067670192,34
1755329905.2385166,75.73982095718384,True,-156.01817321777344,1045.4322838098205,0.96044921875,2.803374373284161,915.4322838098205,1.0,11.291433875401674,True,453,3.0,650,0.19662562671583883,265.43228380982055,True,0.9314571998618133,32
1755329905.3928964,75.89420080184937,True,-64.8094711303711,1009.8216013282557,0.9931640625,-3.16808109312308,879.8216013282557,1.0,0.5040758517543326,True,463,357.0,600,0.16808109312307984,279.8216013282557,True,0.9281770319665685,57
1755329905.576176,76.07748031616211,True,-46.417598724365234,1003.3012084960939,0.99609375,-0.7346201267890807,873.3012084960939,1.0,1.9142727392635048,True,479,359.0,650,0.26537987321091927,223.30120849609386,True,0.9412260326180775,63
1755329905.729603,76.23090744018555,True,-32.279624938964844,1011.2852484129263,0.9990234375,-0.7030657681751538,881.2852484129263,1.0,1.1251607825603962,True,467,359.0,650,0.29693423182484624,231.2852484129263,True,0.9388794186542702,60
1755329905.89763,76.39893436431885,True,-24.800199508666992,1037.4680382108475,1.0,-0.3716867889516131,907.4680382108475,1.0,0.9976818542193362,True,451,0.0,650,0.3716867889516131,257.46803821084745,True,0.9315031372367146,43
1755329906.0490658,76.55037021636963,True,-24.522504806518555,1027.593620827675,0.998046875,0.8322403596554429,897.5936208276751,1.0,2.1992879674612342,True,432,1.0,650,0.16775964034455715,247.59362082767507,True,0.9362375987892528,40
1755329906.2293086,76.73061299324036,True,4.912117004394531,987.9404701733712,0.9990234375,-1.147473385685493,857.9404701733712,1.0,-1.4323501187643337,True,420,359.0,700,0.14747338568549306,157.94047017337118,True,0.9588762892823739,54
1755329906.3806686,76.88197302818298,True,3.0127649307250977,920.6462236018172,0.9970703125,-1.2448534511099878,790.6462236018172,1.0,-1.4323501187643337,True,409,359.0,700,0.2448534511099878,90.64622360181716,True,0.9746178501983236,52
